,category,strain
0,hybrid,100 og
1,hybrid,98 white widow
2,sativa,1024
3,hybrid,12 year og
4,hybrid,13 dawgs
5,hybrid,22
6,hybrid,24k gold
7,indica,3 bears og
8,hybrid,100 og
9,hybrid,98 white widow
10,sativa,1024
11,hybrid,12 year og
12,hybrid,13 dawgs
13,hybrid,22
14,hybrid,24k gold
15,indica,3 bears og
16,hybrid,3 kings
17,indica,303 og
18,sativa,3d cbd
19,indica,3x crazy
20,hybrid,3rd coast panama chunk
21,hybrid,501st og
22,hybrid,541 kush
23,indica,5th element
24,hybrid,707 headband
25,hybrid,707 truthband
26,indica,8 ball kush
27,indica,818 og
28,indica,831 og
29,hybrid,840
30,indica,9 pound hammer
31,indica,91 krypt
32,hybrid,92 og
33,indica,999
34,indica,a 10
35,hybrid,a dub
36,hybrid,a train
37,hybrid,acdc
38,hybrid,ak 47
39,hybrid,ak 48
40,sativa,ak 49
41,hybrid,aberdeen
42,indica,abusive og
43,sativa,acapulco gold
44,indica,ace killer og
45,indica,ace of spades
46,sativa,aceh
47,hybrid,acid
48,sativa,acid dough
49,hybrid,afcrack
50,indica,afghan big bud
51,sativa,afghan cow
52,hybrid,afghan diesel
53,indica,afghan hawaiian
54,hybrid,afghan haze
55,indica,afghan kush
56,indica,afghan skunk
57,indica,afghan sour kush
58,hybrid,afghan widow
59,indica,afghani
60,indica,afgahni bullrider
61,indica,afghani cbd
62,hybrid,afghani krush
63,hybrid,afghanica
64,indica,afghan skunk
65,indica,afghan sour kush
66,hybrid,afghan widow
67,indica,afghani
68,indica,afgahni bullrider
69,indica,afghani cbd
70,hybrid,afghani krush
71,hybrid,afghanica
72,indica,afghanimal
73,indica,afghooey
74,indica,afgoo
75,indica,afgooey
76,indica,afkansastan
77,hybrid,afpak
78,sativa,african
79,sativa,afrikaner
80,hybrid,afrodite
81,hybrid,afternoon delight
82,hybrid,afwreck
83,sativa,agape
84,hybrid,agent orange
85,hybrid,agent tangie
86,hybrid,agharta
87,indica,air jordan og
88,hybrid,als dream
89,sativa,alaska
90,hybrid,alaska thunder grape
91,sativa,alaskan ice
92,sativa,alaskan thunder fuck
93,hybrid,albert walker
94,hybrid,alchemy
95,hybrid,alf
96,sativa,alice in wonderland
97,hybrid,alien abduction
98,hybrid,alien apparition
99,hybrid,alien asshat
100,hybrid,alien breath
101,indica,alien bubba
102,indica,alien dawg
103,sativa,alien dutchess
104,hybrid,alien hallucination
105,hybrid,alien inferno
106,indica,alien kush
107,hybrid,alien og
108,hybrid,alien reunion
109,indica,alien rift
110,hybrid,alien rock candy
111,hybrid,alien sour apple
112,sativa,alien stardawg
113,indica,alien technology
114,hybrid,alien walker
115,indica,aliens on moonshine
116,hybrid,alion
117,indica,allen iverson og
118,sativa,allen wrench
119,hybrid,alley cat kush
120,sativa,alien stardawg
121,indica,alien technology
122,hybrid,alien walker
123,indica,aliens on moonshine
124,hybrid,alion
125,indica,allen iverson og
126,sativa,allen wrench
127,hybrid,alley cat kush
128,indica,allkush
129,sativa,aloha
130,hybrid,aloha grape stomper
131,hybrid,aloha limone
132,hybrid,alohaberry
133,sativa,alpha blue
134,sativa,alpha cow
135,sativa,alpha express
136,hybrid,alpha og
137,hybrid,alpine blue
138,indica,alpine star
139,hybrid,altoyd
140,hybrid,ambrosia
141,hybrid,ambrosia 8a5e98966f6047318a0ff1c3c3ad5075
142,indica,american beauty
143,hybrid,american dream
144,indica,american kush
145,hybrid,american pie
146,indica,americano
147,hybrid,amethyst
148,hybrid,amethyst bud
149,hybrid,amherst sour diesel
150,sativa,amnesi k lemon
151,sativa,amnesia
152,sativa,amnesia ganja haze
153,sativa,amnesia haze
154,sativa,amnesia og
155,indica,ancient kush
156,indica,ancient og
157,indica,anesthesia
158,indica,angel og
159,hybrid,angelica
160,hybrid,animal blues
161,hybrid,animal cookies
162,hybrid,animal gas
163,hybrid,animal mint
164,hybrid,animal sherbert
165,indica,anonymous og
166,indica,anubis
167,hybrid,ape shit
168,hybrid,apollo 11
169,hybrid,apollo 13
170,hybrid,apollo 13 haze
171,hybrid,apollo haze
172,hybrid,appalachia
173,sativa,appalachian power
174,hybrid,apple jack
175,hybrid,apple kush
176,hybrid,apollo 11
177,hybrid,apollo 13
178,hybrid,apollo 13 haze
179,hybrid,apollo haze
180,hybrid,appalachia
181,sativa,appalachian power
182,hybrid,apple jack
183,hybrid,apple kush
184,indica,appleberry
185,hybrid,apricot jelly
186,sativa,arabian gold
187,hybrid,arctic sun
188,hybrid,arcticblue
189,hybrid,area 51
190,hybrid,argvana heat
191,indica,argyle
192,sativa,arjans strawberry haze
193,sativa,arjans ultra haze 1
194,hybrid,armageddon
195,hybrid,armagnac
196,hybrid,ash
197,sativa,asian fantasy
198,hybrid,aspen og
199,hybrid,astral works
200,sativa,astroboy
201,indica,athabasca
202,hybrid,atmosphere
203,hybrid,atomic
204,hybrid,atomic bomb
205,hybrid,atomic goat
206,hybrid,atomic northern lights
207,sativa,atomical haze
208,indica,aurora borealis
209,indica,aurora indica
210,hybrid,avalon
211,hybrid,avi
212,hybrid,avi dekel
213,indica,ayahuasca purple
214,hybrid,aymi
215,hybrid,azure haze
216,indica,b 52
217,hybrid,b witched
218,hybrid,b witched
219,indica,bb king
220,hybrid,b4
221,hybrid,bc big bud
222,hybrid,bc roadkill
223,indica,bc sweet tooth
224,hybrid,bh
225,hybrid,bog bubble
226,hybrid,bsc
227,hybrid,bad azz kush
228,indica,bakerstreet
229,hybrid,balmoral
230,hybrid,banana bread
231,indica,banana candy
232,hybrid,bh
233,hybrid,bog bubble
234,hybrid,bsc
235,hybrid,bad azz kush
236,indica,bakerstreet
237,hybrid,balmoral
238,hybrid,banana bread
239,indica,banana candy
240,hybrid,banana cream og
241,hybrid,banana diesel
242,indica,banana hammock r1
243,hybrid,banana kush
244,hybrid,banana mango
245,hybrid,banana og
246,hybrid,banana peel
247,hybrid,banana punch 9
248,hybrid,banana split
249,hybrid,bananas
250,hybrid,bandana
251,sativa,bangi haze
252,hybrid,bango
253,hybrid,banjo
254,indica,barbara bud
255,hybrid,batgirl
256,indica,batman og
257,sativa,bay 11
258,sativa,bay dream
259,hybrid,bay lotus
260,hybrid,bay platinum cookies
261,hybrid,bazooka joe g
262,hybrid,bear dance
263,indica,beast mode 20
264,hybrid,beast mode og
265,indica,beckwourth bud
266,hybrid,bedford glue
267,indica,bedica
268,sativa,bediol
269,indica,bell ringer
270,hybrid,belladonna
271,sativa,berkeley
272,hybrid,bermuda sour
273,indica,berries crme
274,hybrid,berry bomb
275,hybrid,berry larry
276,indica,berry noir
277,hybrid,berry og
278,indica,berry white
279,hybrid,berts cookie dough
280,sativa,bertberry cheesecake
281,hybrid,best friend og
282,hybrid,bettie page
283,hybrid,bianca
284,hybrid,biddy early
285,hybrid,big band
286,indica,big bang
287,hybrid,big bomb
288,sativa,bertberry cheesecake
289,hybrid,best friend og
290,hybrid,bettie page
291,hybrid,bianca
292,hybrid,biddy early
293,hybrid,big band
294,indica,big bang
295,hybrid,big bomb
296,indica,big bud
297,hybrid,big budda cheese
298,indica,big bull
299,hybrid,big holy nina
300,hybrid,big kush
301,indica,big mac
302,hybrid,big skunk korean
303,hybrid,big sky og
304,hybrid,big smooth
305,sativa,big sur holy bud
306,hybrid,big tooth
307,indica,big white
308,indica,big wreck
309,indica,biker kush
310,hybrid,biker leblanc
311,hybrid,bingo pajamas
312,hybrid,bio diesel
313,hybrid,bio jesus
314,indica,biochem
315,hybrid,biohazard
316,sativa,birds eye
317,hybrid,birds of paradise
318,hybrid,birthday cake kush
319,indica,black 84
320,indica,black afghan
321,hybrid,black betty
322,indica,black bubba
323,indica,black cheese
324,hybrid,black cherry cheesecake
325,indica,black cherry og
326,hybrid,black cherry pie
327,hybrid,black cherry soda
328,indica,black dog
329,hybrid,black dhalia
330,indica,black diamond
331,sativa,black diesel
332,indica,black domina
333,hybrid,black haze
334,indica,black ice
335,hybrid,black jack
336,hybrid,black label
337,indica,black label kush
338,indica,black lime special reserve
339,hybrid,black lotus
340,hybrid,black magic
341,indica,black magic kush
342,indica,black mamba
343,hybrid,black out
344,hybrid,black label
345,indica,black label kush
346,indica,black lime special reserve
347,hybrid,black lotus
348,hybrid,black magic
349,indica,black magic kush
350,indica,black mamba
351,hybrid,black out
352,hybrid,black raspberry
353,indica,black roses
354,indica,black russian
355,hybrid,black triangle
356,hybrid,black tuna
357,hybrid,black velvet
358,hybrid,black widow
359,hybrid,blackberry
360,indica,blackberry bubble
361,hybrid,blackberry chem og
362,hybrid,blackberry cobbler
363,indica,blackberry cream
364,sativa,blackberry diesel
365,hybrid,blackberry dream
366,hybrid,blackberry fire
367,indica,blackberry hashplant
368,sativa,blackberry haze
369,indica,blackberry kush
370,sativa,blackberry lime haze
371,hybrid,blackberry pie
372,indica,blackberry rhino
373,indica,blackberry snow cone
374,hybrid,blackberry trainwreck
375,indica,blackberry x blueberry
376,indica,blackwater
377,sativa,blaze
378,hybrid,blessings og
379,hybrid,bleugenius
380,hybrid,blissful wizard
381,hybrid,blizzard bush
382,hybrid,blob og
383,hybrid,blockhead
384,indica,bloos kloos
385,indica,blood orange kush
386,hybrid,bloodhound
387,hybrid,bloodwalker
388,hybrid,blowfish
389,sativa,blucifer
390,indica,blue afghani
391,indica,blue alien
392,indica,blue bastard
393,sativa,blue bayou
394,indica,blue blood
395,hybrid,blue boy
396,indica,blue buddha
397,hybrid,blue champange
398,indica,blue cheese
399,hybrid,blue cinex
400,indica,blue bastard
401,sativa,blue bayou
402,indica,blue blood
403,hybrid,blue boy
404,indica,blue buddha
405,hybrid,blue champange
406,indica,blue cheese
407,hybrid,blue cinex
408,hybrid,blue cookies
409,hybrid,blue crack
410,indica,blue diamond
411,hybrid,blue diesel
412,sativa,blue dot
413,hybrid,blue dragon
414,hybrid,blue dream
415,hybrid,blue dream cbd
416,indica,blue dynamite
417,hybrid,blue fire
418,hybrid,blue frost
419,hybrid,blue galaxy
420,indica,blue god
421,hybrid,blue goo
422,hybrid,blue hash
423,hybrid,blue hawaiian
424,hybrid,blue haze
425,hybrid,blue heron
426,hybrid,blue iguana
427,hybrid,blue ivy
428,sativa,blue j
429,hybrid,blue jay way
430,hybrid,blue kiss
431,indica,blue knight
432,indica,blue kripple
433,hybrid,blue kush
434,indica,blue lights
435,sativa,blue magic
436,hybrid,blue magoo
437,indica,blue monster
438,hybrid,blue moon rocks
439,indica,blue moonshine
440,sativa,blue mountain fire
441,indica,blue mystic
442,hybrid,blue nightmare
443,hybrid,blue nina
444,hybrid,blue og
445,hybrid,blue og sherbert
446,indica,blue ox
447,hybrid,blue persuasion
448,indica,blue power
449,hybrid,blue raspberry snow cone
450,hybrid,blue rhino
451,sativa,blue satellite
452,hybrid,blue sherbert
453,hybrid,blue sky
454,indica,blue steel
455,hybrid,blue tara
456,indica,blue power
457,hybrid,blue raspberry snow cone
458,hybrid,blue rhino
459,sativa,blue satellite
460,hybrid,blue sherbert
461,hybrid,blue sky
462,indica,blue steel
463,hybrid,blue tara
464,hybrid,blue thai
465,hybrid,blue train
466,hybrid,blue trane
467,hybrid,blue treat
468,hybrid,blue velvet
469,hybrid,blue venom
470,hybrid,blue widow
471,sativa,blue wolf
472,hybrid,blue wonder
473,hybrid,blue wreck
474,indica,blue zkittlez
475,indica,blue zombie
476,indica,blueberry
477,hybrid,blueberry ak
478,sativa,blueberry blast
479,hybrid,blueberry bomb
480,hybrid,blueberry cheesecake
481,hybrid,blueberry cookies
482,hybrid,blueberry diesel
483,sativa,blueberry dream
484,hybrid,blueberry essence
485,hybrid,blueberry hashplant
486,hybrid,blueberry haze
487,hybrid,blueberry headband
488,hybrid,blueberry jack
489,indica,blueberry kush
490,hybrid,blueberry lambsbread
491,hybrid,blueberry muffins
492,hybrid,blueberry og
493,hybrid,blueberry pancakes
494,hybrid,blueberry pie
495,hybrid,blueberry silvertip
496,indica,blueberry skunk
497,indica,blueberry space cake
498,hybrid,blueberry trainwreck
499,indica,blueberry triple og
500,indica,blueberry waltz
501,hybrid,blueberry yum yum
502,hybrid,blues
503,hybrid,blukashima
504,hybrid,bluniverse
505,hybrid,blurple
506,hybrid,blush
507,sativa,bob saget
508,hybrid,bodega bubblegum
509,indica,bog blue kush
510,indica,bog sour grape
511,hybrid,bogart
512,hybrid,bluniverse
513,hybrid,blurple
514,hybrid,blush
515,sativa,bob saget
516,hybrid,bodega bubblegum
517,indica,bog blue kush
518,indica,bog sour grape
519,hybrid,bogart
520,hybrid,boggle gum
521,hybrid,bogglegum
522,indica,bona dea
523,hybrid,bonkers
524,hybrid,booger
525,hybrid,boombaye
526,hybrid,bootlegger
527,hybrid,bootylicious
528,hybrid,bordello
529,hybrid,boss hogg
530,hybrid,boss og
531,hybrid,boysenberry
532,hybrid,brain candy
533,indica,brains damage
534,sativa,brainstorm haze
535,hybrid,brainwreck
536,indica,brand x
537,indica,brandywine
538,sativa,brazil amazonia
539,hybrid,brian berry black currant
540,hybrid,brian berry citrus blend
541,hybrid,brian berry cough
542,hybrid,brian berry honey lemon
543,indica,bright fire
544,hybrid,bright moments
545,hybrid,broke diesel
546,indica,bronze whaler
547,hybrid,brooklyn mango
548,hybrid,bruce banner
549,hybrid,bruce banner 3
550,indica,bubba berry
551,hybrid,bubba cheese auto
552,indica,bubba doja
553,hybrid,bubba fresh
554,indica,bubba hash
555,indica,bubba kush
556,hybrid,bubba kush 20
557,indica,bubba og
558,hybrid,bubba tom hayes
559,hybrid,bubba x skunk
560,indica,bubbas bitch
561,indica,bubbas gift
562,hybrid,bubble bomb
563,indica,bubble cheese
564,hybrid,bubble gum
565,hybrid,bubbleberry
566,indica,bubblegum kush
567,hybrid,bubblegun
568,indica,bubbas bitch
569,indica,bubbas gift
570,hybrid,bubble bomb
571,indica,bubble cheese
572,hybrid,bubble gum
573,hybrid,bubbleberry
574,indica,bubblegum kush
575,hybrid,bubblegun
576,hybrid,bubblicious
577,indica,buckeye purple
578,sativa,buddha haze
579,indica,buddha tahoe
580,hybrid,buddhas hand
581,indica,buddhas sister
582,sativa,buddhas tooth
583,sativa,buffalo bill
584,hybrid,bugatti og
585,indica,burkle
586,hybrid,burmese kush
587,hybrid,burnt cookies
588,indica,butter og
589,indica,butterscotch
590,sativa,buzz bomb
591,sativa,c13 haze
592,hybrid,c3
593,hybrid,c3po
594,hybrid,c4
595,hybrid,cbd blue shark
596,indica,cbd critical cure
597,indica,cbd critical mass
598,hybrid,cbd kush
599,sativa,cbd lilly
600,sativa,cbd mango haze
601,hybrid,cbd og
602,indica,cbd ox
603,sativa,cbd rich blessing
604,indica,cbd shark
605,indica,chr super og
606,hybrid,csg
607,hybrid,cabbage patch
608,hybrid,caboose
609,hybrid,cackleberry
610,indica,cactus
611,hybrid,cactus cooler
612,indica,cadillac cookies
613,indica,cadillac purple
614,hybrid,cali dragon
615,hybrid,cali gold
616,hybrid,cali jack
617,hybrid,cali kush
618,indica,california grapefruit
619,indica,california hash plant
620,sativa,california limes
621,hybrid,california love og
622,hybrid,california orange
623,hybrid,california sour
624,hybrid,cali jack
625,hybrid,cali kush
626,indica,california grapefruit
627,indica,california hash plant
628,sativa,california limes
629,hybrid,california love og
630,hybrid,california orange
631,hybrid,california sour
632,hybrid,california sour diesel
633,hybrid,calyx og
634,sativa,cambodian
635,sativa,cambodian haze
636,hybrid,candy apple
637,indica,candy cane
638,sativa,candy jack
639,sativa,candyland
640,hybrid,candyland cookies
641,hybrid,candyland x chernobyl
642,hybrid,canna tsu
643,sativa,canna wreck
644,indica,cannasutra
645,hybrid,cannadential
646,sativa,cannalope haze
647,hybrid,cannalope kush
648,hybrid,cannatonic
649,indica,capers
650,hybrid,capleton
651,hybrid,captain america og
652,hybrid,captains cake
653,hybrid,caramel cake
654,hybrid,caramel candy kush
655,hybrid,caramel kona coffee cookies
656,indica,caramel kona coffee kush
657,hybrid,caramelicious
658,indica,caramella
659,sativa,caramelo
660,hybrid,carl sagan
661,hybrid,carmel cough
662,indica,casper og
663,sativa,cat piss
664,hybrid,cataract kush
665,sativa,catfish
666,hybrid,cello sweet og
667,sativa,central american
668,sativa,cerebro haze
669,hybrid,chairman chem sou
670,hybrid,champagne diesel
671,hybrid,champagne kush
672,hybrid,charlie sheen
673,sativa,charlottes web
674,hybrid,cheese
675,sativa,central american
676,sativa,cerebro haze
677,hybrid,chairman chem sou
678,hybrid,champagne diesel
679,hybrid,champagne kush
680,hybrid,charlie sheen
681,sativa,charlottes web
682,hybrid,cheese
683,hybrid,cheese candy
684,hybrid,cheese quake
685,hybrid,cheeseburger
686,hybrid,cheesewreck
687,indica,chef kush
688,hybrid,chem berry diesel
689,hybrid,chem beyond diesel cbd
690,hybrid,chem crush
691,indica,chem dog
692,hybrid,chem jack
693,hybrid,chem jong ill
694,hybrid,chem kesey
695,indica,chem scout
696,hybrid,chem valley kush
697,sativa,chems sister
698,hybrid,chemwreck
699,hybrid,chemdawg sour diesel
700,hybrid,chemdawg
701,hybrid,chemdawg 4 x alien og kush
702,hybrid,chemdawg 4
703,hybrid,chemdawg 91
704,hybrid,chemmy jones
705,hybrid,chemnesia
706,indica,chemo
707,hybrid,cherwillie
708,hybrid,chernobyl
709,indica,cherries jubilee
710,hybrid,cherry ak 47
711,hybrid,cherry bomb
712,hybrid,cherry cookies
713,hybrid,cherry cream pie
714,hybrid,cherry diesel
715,hybrid,cherry durban poison
716,hybrid,cherry fire
717,hybrid,cherry fuel
718,hybrid,cherry grapefruit
719,indica,cherry kola
720,hybrid,cherry kush
721,hybrid,cherry limeade
722,indica,cherry mender
723,hybrid,cherry og
724,hybrid,cherry pie
725,hybrid,cherry pie kush
726,hybrid,cherry sauce
727,hybrid,cherry sherbet
728,hybrid,cherry skunk
729,hybrid,cherry slyder
730,hybrid,cherry thunder fuck
731,hybrid,cherry og
732,hybrid,cherry pie
733,hybrid,cherry pie kush
734,hybrid,cherry sauce
735,hybrid,cherry sherbet
736,hybrid,cherry skunk
737,hybrid,cherry slyder
738,hybrid,cherry thunder fuck
739,hybrid,cherry vanilla cookies
740,hybrid,cherry wine
741,hybrid,chicle
742,hybrid,chiesel
743,indica,china yunnan
744,hybrid,chiquita banana
745,hybrid,chloe
746,hybrid,chocoholic
747,hybrid,chocolate cheesecake
748,indica,chocolate chunk
749,sativa,chocolate diesel
750,hybrid,chocolate drop
751,sativa,chocolate fondue
752,indica,chocolate glue
753,hybrid,chocolate hashberry
754,indica,chocolate kush
755,hybrid,chocolate lava
756,indica,chocolate meringue
757,hybrid,chocolate mint og
758,indica,chocolate og
759,hybrid,chocolate rain
760,hybrid,chocolate sap
761,sativa,chocolate skunk
762,sativa,chocolate thai
763,sativa,chocolate thunder
764,hybrid,chocolate tonic
765,hybrid,chocolony
766,sativa,chocolope
767,hybrid,chocolope kush
768,hybrid,chong star
769,hybrid,chronic
770,indica,chronic thunder
771,hybrid,chuck og
772,hybrid,chuckys bride
773,hybrid,chunky diesel
774,hybrid,chupacabra
775,indica,church og
776,hybrid,cinderella 99
777,hybrid,cinderellas dream
778,hybrid,cindy haze
779,hybrid,cindy white
780,sativa,cinex
781,sativa,cirrus
782,hybrid,citradelic sunset
783,hybrid,citral glue
784,hybrid,citral skunk
785,hybrid,citrix
786,hybrid,citrus kush
787,hybrid,cindy white
788,sativa,cinex
789,sativa,cirrus
790,hybrid,citradelic sunset
791,hybrid,citral glue
792,hybrid,citral skunk
793,hybrid,citrix
794,hybrid,citrus kush
795,sativa,citrus punch
796,hybrid,citrus rush
797,hybrid,citrus sap
798,hybrid,citrus sunshine haze
799,hybrid,city of god
800,sativa,clementine
801,hybrid,clementine kush
802,hybrid,clementines terpentine
803,hybrid,clockwork orange
804,hybrid,cloud 9
805,hybrid,cloudcap
806,indica,club 69
807,hybrid,cluster bomb
808,hybrid,cluster funk
809,hybrid,cobbler
810,hybrid,cobra lips
811,hybrid,cocoa kush
812,hybrid,coconut oil
813,hybrid,cold creek kush
814,hybrid,colin og s1
815,hybrid,collie man kush
816,sativa,colombian gold
817,sativa,colombian mojito
818,indica,colorado bubba
819,hybrid,colorado chem
820,hybrid,colorado chem rbx3
821,indica,colorado clementines
822,hybrid,comfortably dumb
823,indica,commerce city kush
824,hybrid,concord cream
825,hybrid,concord grape blockhead
826,indica,confidential cheese
827,indica,confidential cookies
828,hybrid,confidential wreck
829,sativa,congo
830,hybrid,connie chung
831,indica,conspiracy kush
832,hybrid,cookie breath
833,hybrid,cookie dough
834,hybrid,cookie jar
835,indica,cookie monster
836,hybrid,cookie puss
837,hybrid,cookie wreck
838,indica,cookies kush
839,hybrid,cookies and cream
840,hybrid,cookies and dream
841,indica,copper kush
842,indica,corleone kush
843,indica,cookie monster
844,hybrid,cookie puss
845,hybrid,cookie wreck
846,indica,cookies kush
847,hybrid,cookies and cream
848,hybrid,cookies and dream
849,indica,copper kush
850,indica,corleone kush
851,hybrid,corleone kush the don cut
852,indica,cornbread
853,sativa,cosmic collision
854,hybrid,cotton candy kush
855,hybrid,cotton purple chem
856,hybrid,cougar milk
857,hybrid,cowboy kush
858,hybrid,coyote art
859,sativa,cracker jack
860,hybrid,crater lake
861,hybrid,crazy miss hyde
862,indica,cream caramel
863,hybrid,crimea blue
864,hybrid,critical 47
865,hybrid,critical bilbo
866,hybrid,critical cheese
867,hybrid,critical haze
868,indica,critical hog
869,hybrid,critical jack
870,sativa,critical kali mist
871,indica,critical kush
872,indica,critical mass
873,hybrid,critical plus
874,indica,critical plus 20
875,indica,critical sensi star
876,hybrid,critical skunk
877,hybrid,critical widow
878,hybrid,critters cookies
879,hybrid,crocketts haze
880,hybrid,cronuts
881,indica,crosswalker
882,indica,crouching tiger hidden alien
883,indica,crown og
884,indica,crown royale
885,sativa,crumbled lime
886,hybrid,crunch berry kush
887,hybrid,crypt
888,sativa,crystal coma
889,hybrid,crystal gayle
890,indica,crystalberry
891,indica,cuvee
892,hybrid,cypress og
893,sativa,dj andy williams
894,indica,dj short blueberry
895,hybrid,dj smoke
896,hybrid,dagwood
897,hybrid,dairy queen
898,indica,dakini kush
899,indica,cuvee
900,hybrid,cypress og
901,sativa,dj andy williams
902,indica,dj short blueberry
903,hybrid,dj smoke
904,hybrid,dagwood
905,hybrid,dairy queen
906,indica,dakini kush
907,sativa,damn sour
908,hybrid,damnesia
909,sativa,dance world
910,hybrid,dancehall
911,indica,dank schrader
912,hybrid,dank sinatra
913,indica,double d
914,hybrid,dark blue dream
915,hybrid,dark shadow haze
916,indica,dark side of the moon
917,indica,dark star
918,indica,darkside og
919,indica,darth vader og
920,hybrid,dawgs waltz
921,hybrid,dawgfather og
922,hybrid,day tripper
923,hybrid,daywalker
924,hybrid,dedutch
925,hybrid,deadhead og
926,hybrid,deadlights
927,indica,deadwood
928,indica,death bubba
929,hybrid,death by cake og
930,indica,death star
931,indica,deathstar og
932,hybrid,dedoverde haze
933,hybrid,deep breath
934,hybrid,deep cheese
935,indica,deep chunk
936,indica,deep purple
937,indica,deep sleep
938,sativa,delahaze
939,indica,denver maple
940,hybrid,destar bx
941,hybrid,desert diesel
942,hybrid,desert star
943,hybrid,designer og
944,sativa,destroyer
945,indica,devil fruit
946,sativa,devils tit
947,hybrid,diabla
948,indica,diablo
949,indica,diamond og
950,hybrid,diamond socks
951,hybrid,diamond valley kush
952,hybrid,diesel dough
953,hybrid,diesel duff
954,hybrid,diesel glue
955,hybrid,diabla
956,indica,diablo
957,indica,diamond og
958,hybrid,diamond socks
959,hybrid,diamond valley kush
960,hybrid,diesel dough
961,hybrid,diesel duff
962,hybrid,diesel glue
963,hybrid,dieseltonic
964,indica,digweed
965,hybrid,dinachem
966,hybrid,dirt nap
967,sativa,dirty girl
968,indica,dirty old bastard
969,hybrid,dirty widow
970,hybrid,disney blue
971,hybrid,divina obscura
972,hybrid,dizzy og
973,sativa,django
974,hybrid,do over og
975,indica,do si dos
976,hybrid,doc holliday
977,sativa,doctor doctor
978,hybrid,doctor jamaica
979,hybrid,dog face
980,hybrid,dog shit
981,hybrid,dogwalker og
982,indica,dolla sign og kush
983,indica,domino
984,hybrid,don carlos
985,hybrid,don shula
986,hybrid,dons ghost
987,hybrid,donegal
988,indica,donkey butter
989,hybrid,donna og
990,hybrid,doobiebird daydream
991,hybrid,doox 9e52aaec47524b6088792c10b9d341d0
992,sativa,doox
993,hybrid,dopium
994,indica,dorit
995,hybrid,dosi woah r1
996,hybrid,double barrel og
997,sativa,double diesel
998,hybrid,double dream
999,hybrid,double dutch
1000,hybrid,double lemon pie
1001,indica,double mint
1002,indica,double og
1003,indica,double purple doja
1004,hybrid,double tangie banana
1005,indica,double tap
1006,sativa,dougs varin
1007,hybrid,dr bubbles
1008,hybrid,dr clemenstein
1009,hybrid,dr feelgood
1010,indica,dr funk
1011,indica,double purple doja
1012,hybrid,double tangie banana
1013,indica,double tap
1014,sativa,dougs varin
1015,hybrid,dr bubbles
1016,hybrid,dr clemenstein
1017,hybrid,dr feelgood
1018,indica,dr funk
1019,hybrid,dr greenthumbs em dog
1020,sativa,dr grinspoon
1021,hybrid,dr quantum
1022,hybrid,dr who
1023,hybrid,dragon fruit
1024,hybrid,dragon og
1025,hybrid,dragon punch 70d5bf53968c4346905edb7cf4323ec8
1026,hybrid,dragon punch
1027,hybrid,dragons breath
1028,hybrid,dreadlock
1029,sativa,dream beaver
1030,indica,dream berry
1031,hybrid,dream girl
1032,hybrid,dream lotus
1033,hybrid,dream machine
1034,hybrid,dream police
1035,hybrid,dream queen
1036,hybrid,dream star
1037,hybrid,dreamcatcher
1038,hybrid,dreamers glass
1039,sativa,drizella
1040,hybrid,duct tape
1041,hybrid,duke nukem
1042,hybrid,durban berry
1043,hybrid,durban cheese
1044,sativa,durban cookies
1045,sativa,durban poison
1046,sativa,durban princess
1047,indica,durga mata
1048,hybrid,dutch 47
1049,hybrid,dutch crunch
1050,sativa,dutch dragon
1051,hybrid,dutch dynasty
1052,hybrid,dutch hawaiian f26d85d8964844c0a3e447bceefefa9f
1053,sativa,dutch hawaiian
1054,sativa,dutch haze
1055,indica,dutch kush
1056,hybrid,dutch queen
1057,hybrid,dutch thunder fuck
1058,hybrid,dutch treat
1059,hybrid,dutch treat haze
1060,hybrid,dutchberry
1061,indica,dynamite
1062,hybrid,eagle bill
1063,indica,early girl
1064,hybrid,early glue rbx1
1065,hybrid,early miss
1066,sativa,early pearl
1067,hybrid,dutch treat haze
1068,hybrid,dutchberry
1069,indica,dynamite
1070,hybrid,eagle bill
1071,indica,early girl
1072,hybrid,early glue rbx1
1073,hybrid,early miss
1074,sativa,early pearl
1075,hybrid,early skunk
1076,hybrid,earth og
1077,hybrid,earthquake
1078,hybrid,earthshaker og
1079,sativa,east coast alien
1080,sativa,east coast sour diesel
1081,indica,eastern european
1082,hybrid,easy bud
1083,hybrid,easy peezy
1084,hybrid,ebola 7
1085,hybrid,ecto cooler
1086,hybrid,ed rosenthal super bud
1087,indica,edelweiss
1088,hybrid,egyptian musk
1089,indica,egyptian royalty 1
1090,hybrid,el chapo
1091,indica,el chapo og
1092,indica,el jeffe
1093,hybrid,el nino
1094,hybrid,el perro
1095,hybrid,el na
1096,hybrid,elderberry kush
1097,indica,electric black mamba
1098,hybrid,electric kool aid
1099,sativa,electric lemon g
1100,sativa,electric lemonade
1101,hybrid,elektra
1102,sativa,elephant
1103,hybrid,elevated og
1104,hybrid,elmers glue
1105,sativa,elphinstone
1106,hybrid,elvis
1107,sativa,emerald jack
1108,indica,emerald og
1109,hybrid,emperor cookie dough
1110,indica,endless sky
1111,indica,enemy of the state
1112,indica,enigma
1113,indica,eran almog
1114,indica,erdpurt
1115,indica,erez
1116,indica,ether
1117,sativa,ethiopian
1118,hybrid,ethos apex
1119,hybrid,ethos hash plant bx1
1120,sativa,euphoria
1121,hybrid,eugene cream
1122,hybrid,euphoria cookies
1123,indica,erez
1124,indica,ether
1125,sativa,ethiopian
1126,hybrid,ethos apex
1127,hybrid,ethos hash plant bx1
1128,sativa,euphoria
1129,hybrid,eugene cream
1130,hybrid,euphoria cookies
1131,indica,everlast
1132,hybrid,exodus cheese
1133,indica,extreme cream
1134,indica,extreme og
1135,hybrid,f 13
1136,sativa,f 13 throwback
1137,indica,fn louzer
1138,hybrid,f cut og
1139,hybrid,fpog
1140,hybrid,face off bx2
1141,indica,face off og
1142,hybrid,face on fire
1143,sativa,faded glory
1144,hybrid,fall 97
1145,indica,fallen angel
1146,hybrid,false teeth
1147,hybrid,fast eddy
1148,hybrid,fat axl
1149,hybrid,fat nelson
1150,indica,fat purple
1151,hybrid,fauxsido
1152,indica,faygo red pop
1153,sativa,fighting buddha
1154,hybrid,fire alien kush
1155,hybrid,fire alien master
1156,hybrid,fire alien romulan
1157,hybrid,fire alien strawberry
1158,hybrid,fire alien urkle
1159,sativa,fire haze
1160,hybrid,fire og
1161,sativa,firewalker og
1162,hybrid,first 48
1163,hybrid,first light
1164,indica,flaming cookies
1165,hybrid,flo
1166,sativa,flo limone
1167,indica,flo og
1168,hybrid,flo walker
1169,hybrid,florida og
1170,indica,flowerbomb kush
1171,hybrid,flowers for algernon
1172,indica,focaccia
1173,indica,forbidden fruit
1174,hybrid,forbidden zkittlez
1175,hybrid,formula one
1176,hybrid,fortune cookies
1177,hybrid,forum cut cookies s1
1178,indica,foul mouth
1179,hybrid,flowers for algernon
1180,indica,focaccia
1181,indica,forbidden fruit
1182,hybrid,forbidden zkittlez
1183,hybrid,formula one
1184,hybrid,fortune cookies
1185,hybrid,forum cut cookies s1
1186,indica,foul mouth
1187,hybrid,four cups
1188,hybrid,four star general
1189,indica,four way
1190,hybrid,franks gift
1191,indica,frankenstein
1192,indica,fred flipn stoned
1193,indica,freezeland
1194,indica,french bread
1195,indica,frida
1196,hybrid,frisian dew
1197,hybrid,frisian duck
1198,sativa,frostbite
1199,hybrid,frosted cherry cookies
1200,hybrid,frosted freak
1201,indica,frosty
1202,hybrid,frosty jesus
1203,hybrid,frozen tangerines
1204,hybrid,fruit crusher
1205,hybrid,fruit loop og
1206,hybrid,fruit loops
1207,sativa,fruit punch
1208,hybrid,fruit spirit
1209,indica,fruity chronic juice
1210,hybrid,fruity juice
1211,hybrid,fruity widow
1212,indica,fruitylicious
1213,indica,fucking incredible
1214,sativa,full moon
1215,hybrid,funfetti
1216,indica,funky monkey
1217,hybrid,future
1218,hybrid,fuzzy navel
1219,hybrid,g cut
1220,indica,g force
1221,indica,g1000
1222,hybrid,goat
1223,indica,g 13
1224,hybrid,g13 diesel
1225,hybrid,g13 haze
1226,hybrid,g13 widow
1227,hybrid,gdp electric
1228,hybrid,gi 001
1229,indica,gmo cookies
1230,hybrid,griz kush
1231,hybrid,gsc
1232,hybrid,gto
1233,hybrid,gabriel sherbet
1234,sativa,galactic jack
1235,hybrid,gdp electric
1236,hybrid,gi 001
1237,indica,gmo cookies
1238,hybrid,griz kush
1239,hybrid,gsc
1240,hybrid,gto
1241,hybrid,gabriel sherbet
1242,sativa,galactic jack
1243,indica,galactica og
1244,hybrid,game changer
1245,hybrid,gammaberry
1246,indica,gandalf og
1247,hybrid,ganesh berry
1248,indica,garlic bud
1249,indica,gas mask
1250,hybrid,gaswerx
1251,hybrid,gatekeeper og
1252,hybrid,gelato
1253,hybrid,gelato 33
1254,hybrid,gemstone
1255,hybrid,georgia pine
1256,hybrid,ghetto bird
1257,hybrid,ghost bubba
1258,hybrid,ghost cookies
1259,hybrid,ghost og
1260,indica,ghost og moonshine
1261,indica,ghost rider og
1262,indica,ghost ship
1263,hybrid,ghost tange haze
1264,sativa,ghost train haze
1265,hybrid,ghostbreath
1266,indica,gigabud
1267,hybrid,gilz nilz
1268,hybrid,ginger ale
1269,hybrid,ginger punch
1270,hybrid,glad max
1271,hybrid,glass apple
1272,hybrid,glass slipper
1273,hybrid,glue tech
1274,hybrid,gluechee
1275,hybrid,gnome walker
1276,hybrid,go time
1277,hybrid,goat head
1278,indica,gobbilygoo
1279,indica,gobbstopper
1280,indica,god bud
1281,indica,gods gift
1282,hybrid,gods green crack
1283,indica,godberry
1284,indica,godfather og
1285,indica,godfather purple kush
1286,indica,godzilla
1287,hybrid,godzilla blood
1288,hybrid,godzilla glue
1289,indica,gods bubba
1290,indica,gods treat
1291,indica,godberry
1292,indica,godfather og
1293,indica,godfather purple kush
1294,indica,godzilla
1295,hybrid,godzilla blood
1296,hybrid,godzilla glue
1297,indica,gods bubba
1298,indica,gods treat
1299,indica,gog magog
1300,hybrid,goji diesel
1301,hybrid,goji og
1302,sativa,gold kings thai
1303,hybrid,gold star
1304,indica,goldberry
1305,sativa,golden calyx
1306,hybrid,golden gage
1307,hybrid,golden goat
1308,hybrid,golden lemon
1309,hybrid,golden nugget
1310,hybrid,golden panda
1311,hybrid,golden pineapple
1312,hybrid,golden soda
1313,indica,golden state banana
1314,sativa,golden tangie
1315,hybrid,golden ticket
1316,sativa,golden tiger
1317,sativa,goldwing
1318,indica,goo
1319,indica,gooberry
1320,hybrid,good medicine
1321,indica,gorilla biscuit
1322,hybrid,gorilla breath
1323,hybrid,gorilla cookies
1324,hybrid,gorilla girl
1325,indica,gorilla grips
1326,hybrid,gorilla snacks
1327,sativa,gorkle
1328,indica,government mule
1329,indica,grand doggy purps
1330,indica,grand hindu
1331,hybrid,grand hustle
1332,indica,granddaddy purple
1333,hybrid,granddaddy wonder
1334,hybrid,grandma andersons cookies
1335,hybrid,grandmas batch
1336,indica,grandmas sugar cookies
1337,indica,grandpa larry og
1338,indica,grandpas breath
1339,hybrid,grandpas stash
1340,hybrid,granola funk
1341,indica,grape ape
1342,hybrid,grape bubba
1343,hybrid,grape cake
1344,hybrid,grape calyx
1345,hybrid,grape candy
1346,indica,grape cookies
1347,hybrid,grandpas stash
1348,hybrid,granola funk
1349,indica,grape ape
1350,hybrid,grape bubba
1351,hybrid,grape cake
1352,hybrid,grape calyx
1353,hybrid,grape candy
1354,indica,grape cookies
1355,hybrid,grape dawg
1356,indica,grape drink
1357,hybrid,grape god
1358,hybrid,grape god bud
1359,indica,grape inferno
1360,hybrid,grape jelly
1361,indica,grape krush
1362,hybrid,grape krush throwback
1363,hybrid,grape kush
1364,indica,grape ox
1365,indica,grape skunk
1366,hybrid,grape smuggler
1367,hybrid,grape soda
1368,hybrid,sour grapes
1369,indica,grape valley kush
1370,hybrid,grape vine
1371,sativa,grapefruit
1372,hybrid,grapefruit diesel
1373,sativa,grapefruit haze
1374,hybrid,grapefruit kush
1375,indica,gravity
1376,hybrid,grease monkey
1377,sativa,white shark
1378,hybrid,green avenger
1379,sativa,green candy
1380,hybrid,green cheese
1381,sativa,green crack
1382,hybrid,green crack cbd
1383,sativa,green crack extreme
1384,hybrid,green door kush
1385,indica,green dragon
1386,hybrid,green dream
1387,sativa,green goblin
1388,hybrid,green goddess
1389,sativa,green haze
1390,hybrid,green hornet
1391,indica,green kush
1392,sativa,green lantern
1393,hybrid,green line og
1394,indica,green love potion
1395,hybrid,green magic
1396,indica,green mango
1397,hybrid,green monster
1398,indica,green poison
1399,indica,green python
1400,hybrid,green queen
1401,hybrid,green ribbon
1402,hybrid,gremlin
1403,hybrid,green magic
1404,indica,green mango
1405,hybrid,green monster
1406,indica,green poison
1407,indica,green python
1408,hybrid,green queen
1409,hybrid,green ribbon
1410,hybrid,gremlin
1411,hybrid,grilled cheese
1412,indica,grimace
1413,indica,grimace og
1414,indica,grimmdica
1415,indica,guard dawg
1416,hybrid,guava cake
1417,hybrid,guava chem
1418,hybrid,guava dub star
1419,hybrid,guava gelato
1420,hybrid,guava kush
1421,hybrid,gucci og
1422,indica,guido kush
1423,indica,gumbo
1424,hybrid,gummo
1425,hybrid,gummy bears
1426,hybrid,gupta haze
1427,hybrid,gupta kush
1428,hybrid,guptilla
1429,indica,gutbuster
1430,hybrid,gypsy kush
1431,indica,hades haze
1432,indica,hades og
1433,hybrid,haleighs hope
1434,indica,hammerhead
1435,hybrid,hammershark
1436,indica,hannibal nectar
1437,hybrid,haole
1438,indica,haoma
1439,hybrid,haoma mist
1440,hybrid,happy rancher
1441,indica,hardcore og
1442,hybrid,harle tsu
1443,sativa,harlequin
1444,hybrid,harlequin gdp
1445,sativa,harley storm
1446,sativa,harley twin
1447,indica,harmonia
1448,hybrid,harmony
1449,hybrid,harry potter
1450,indica,hash plant
1451,indica,hashbar og
1452,indica,hashberry
1453,sativa,hashplant haze
1454,hybrid,havarra wedding
1455,sativa,hawaiian
1456,hybrid,hawaiian cookies
1457,indica,hawaiian delight
1458,sativa,hawaiian diesel
1459,indica,hashbar og
1460,indica,hashberry
1461,sativa,hashplant haze
1462,hybrid,havarra wedding
1463,sativa,hawaiian
1464,hybrid,hawaiian cookies
1465,indica,hawaiian delight
1466,sativa,hawaiian diesel
1467,sativa,hawaiian dream
1468,indica,hawaiian duckfoot
1469,hybrid,hawaiian fire
1470,sativa,hawaiian haze
1471,sativa,hawaiian mayan gold
1472,sativa,hawaiian punch
1473,indica,hawaiian purple kush
1474,sativa,hawaiian sativa
1475,hybrid,hawaiian skunk
1476,sativa,hawaiian snow
1477,hybrid,hawaiian sunrise
1478,hybrid,hawaiian thunder fuck
1479,hybrid,hawaiian trinity
1480,sativa,hawaii 78
1481,sativa,hayleys haze
1482,sativa,haze
1483,sativa,haze berry
1484,hybrid,haze heaven
1485,sativa,haze mist
1486,sativa,haze wreck
1487,hybrid,hazmat og
1488,hybrid,head cheese
1489,hybrid,head trip
1490,hybrid,headband
1491,hybrid,headband cookies bx1
1492,hybrid,headbanger
1493,hybrid,heatwave
1494,hybrid,heaven scent
1495,hybrid,heavenly og
1496,hybrid,heavy duty fruity
1497,sativa,heisenberg kush
1498,hybrid,hell raiser og
1499,hybrid,hells og
1500,hybrid,hellfire og
1501,hybrid,hemlock
1502,sativa,hempstar
1503,hybrid,hercules
1504,indica,herojuana
1505,hybrid,hibiscus sunrise
1506,hybrid,high five
1507,hybrid,high noon irish cream
1508,hybrid,high school sweetheart
1509,sativa,higher power
1510,hybrid,highwayman
1511,indica,himalayan blackberry
1512,hybrid,himalayan gold
1513,indica,hindu kush
1514,indica,hindu skunk
1515,hybrid,high noon irish cream
1516,hybrid,high school sweetheart
1517,sativa,higher power
1518,hybrid,highwayman
1519,indica,himalayan blackberry
1520,hybrid,himalayan gold
1521,indica,hindu kush
1522,indica,hindu skunk
1523,hybrid,hindu sour
1524,sativa,hippie chicken
1525,hybrid,hippie crippler
1526,hybrid,hoarfrost
1527,hybrid,hobbit
1528,indica,hogs breath
1529,indica,hollands hope
1530,hybrid,hollyweed
1531,hybrid,hollywood og
1532,hybrid,holy ghost
1533,hybrid,holy grail kush
1534,hybrid,holy punch
1535,hybrid,holy roller
1536,sativa,honduras
1537,hybrid,honey bananas
1538,indica,honey boo boo
1539,hybrid,honey lemon cheese
1540,hybrid,honey rock
1541,hybrid,hong kong
1542,sativa,hoodwreck
1543,sativa,horace
1544,hybrid,huckleberries
1545,hybrid,huckleberry
1546,hybrid,huckleberry cough
1547,hybrid,huckleberry desstar
1548,hybrid,huckleberry diesel
1549,hybrid,huckleberry hound
1550,hybrid,huckleberry soda
1551,indica,hulkamania
1552,hybrid,humboldt
1553,indica,humboldt dream
1554,hybrid,humboldt hawaiian
1555,indica,humboldt headband
1556,hybrid,humboldt sour diesel
1557,indica,humdinger og
1558,hybrid,hurkle
1559,sativa,hurricane
1560,hybrid,hustler kush
1561,hybrid,i 95
1562,hybrid,iced grapefruit
1563,indica,ifc og
1564,hybrid,ig kush
1565,hybrid,ice
1566,hybrid,ice cream
1567,indica,ice cream cake
1568,hybrid,ice princess
1569,hybrid,ice queen
1570,hybrid,ice wreck
1571,indica,ifc og
1572,hybrid,ig kush
1573,hybrid,ice
1574,hybrid,ice cream
1575,indica,ice cream cake
1576,hybrid,ice princess
1577,hybrid,ice queen
1578,hybrid,ice wreck
1579,indica,iced widow
1580,indica,ill og
1581,indica,illuminati og
1582,sativa,in the pines
1583,indica,incredible bulk
1584,sativa,incredible hulk
1585,hybrid,industrial plant
1586,indica,ingrid
1587,hybrid,intergalactic
1588,sativa,inzane in the membrane
1589,hybrid,irene kush
1590,indica,irish cream
1591,hybrid,iron triangle
1592,sativa,island haze
1593,sativa,island maui haze
1594,hybrid,island poison
1595,sativa,island sweet skunk
1596,hybrid,ivan
1597,hybrid,js famous kush
1598,sativa,j 27
1599,hybrid,j1
1600,indica,jr
1601,indica,jt15
1602,hybrid,jabbas stash
1603,hybrid,jack 47
1604,indica,jack burton
1605,sativa,jack diesel
1606,hybrid,jack flash
1607,hybrid,jack frost
1608,hybrid,jack haze
1609,sativa,jack herer
1610,hybrid,jack kush
1611,sativa,jack skellington
1612,sativa,jack smack
1613,hybrid,jack widow
1614,sativa,jack wreck
1615,hybrid,jack of spades
1616,sativa,jack the ripper
1617,sativa,jacks cleaner
1618,hybrid,jacks dream
1619,sativa,jackalope
1620,hybrid,jacked up
1621,hybrid,jacky girl
1622,sativa,jacky white
1623,hybrid,jacks dragon girl 7
1624,hybrid,jacks girl
1625,indica,jah goo
1626,hybrid,jah kush
1627,sativa,jackalope
1628,hybrid,jacked up
1629,hybrid,jacky girl
1630,sativa,jacky white
1631,hybrid,jacks dragon girl 7
1632,hybrid,jacks girl
1633,indica,jah goo
1634,hybrid,jah kush
1635,sativa,jahwaiian
1636,sativa,jamaican
1637,sativa,jamaican dream
1638,sativa,jamaican lion
1639,sativa,jamaican pearl
1640,hybrid,jamba juice
1641,hybrid,jane doe
1642,hybrid,jasmin
1643,indica,jawa pie
1644,hybrid,jazz
1645,hybrid,jean guy
1646,indica,jedi kush
1647,indica,jelly roll
1648,sativa,jenni
1649,hybrid,jenny kush
1650,sativa,jericho haze
1651,hybrid,jerusalem express
1652,indica,jesses girl
1653,hybrid,jesus
1654,indica,jesus og
1655,hybrid,jet fuel
1656,hybrid,jilly dawg
1657,hybrid,jillybean
1658,hybrid,jim og
1659,hybrid,jimi hendrix
1660,sativa,jock horror
1661,hybrid,joes dank
1662,sativa,joes lemonade
1663,sativa,johnnys tonic
1664,indica,jorges diamond
1665,indica,josh d og
1666,hybrid,juicy fruit
1667,hybrid,juicy jack
1668,hybrid,juliet
1669,hybrid,julius caesar
1670,hybrid,jungle juice
1671,hybrid,jungle scout cookies
1672,hybrid,jungle spice
1673,indica,jupiter og
1674,indica,k train
1675,hybrid,k1
1676,hybrid,k2
1677,hybrid,kc 33
1678,indica,kc 36
1679,hybrid,kt dawg
1680,sativa,kaboom
1681,hybrid,kahavvai mode
1682,indica,kahuna
1683,hybrid,k1
1684,hybrid,k2
1685,hybrid,kc 33
1686,indica,kc 36
1687,hybrid,kt dawg
1688,sativa,kaboom
1689,hybrid,kahavvai mode
1690,indica,kahuna
1691,hybrid,kaia kush
1692,hybrid,kailua pua
1693,hybrid,kalalau kush
1694,hybrid,kalashnikova
1695,hybrid,kaleidos dope
1696,sativa,kali 47
1697,indica,kali china
1698,hybrid,kali dog
1699,sativa,kali mist
1700,indica,kandahar
1701,hybrid,kandy kush
1702,hybrid,kaptns grand dream
1703,indica,karibbean mango
1704,hybrid,karma bitch
1705,hybrid,karma og
1706,indica,karmarado og
1707,indica,kashmir kush
1708,indica,katsu bubba kush
1709,indica,katsu kush
1710,sativa,kauai electric
1711,indica,kelly hill gold
1712,hybrid,kens kush
1713,sativa,kerala
1714,sativa,kerala krush
1715,sativa,kerosene
1716,indica,ketama
1717,hybrid,key lime pie
1718,hybrid,keystone kush
1719,hybrid,khalifa kush
1720,hybrid,khola
1721,indica,khufu
1722,hybrid,kid n cookies
1723,sativa,kilimanjaro
1724,hybrid,kill bill
1725,hybrid,killer grape
1726,hybrid,killer queen
1727,sativa,killing fields
1728,hybrid,kimbo kush
1729,hybrid,king cake
1730,hybrid,king kong
1731,indica,king louis
1732,hybrid,king thunder fuck
1733,sativa,kings bread
1734,indica,king kush
1735,hybrid,kings banner
1736,hybrid,kiss
1737,indica,kiwiskunk
1738,indica,kobain kush
1739,indica,king louis
1740,hybrid,king thunder fuck
1741,sativa,kings bread
1742,indica,king kush
1743,hybrid,kings banner
1744,hybrid,kiss
1745,indica,kiwiskunk
1746,indica,kobain kush
1747,hybrid,koloa sunrise
1748,sativa,koloa sunrise 47e37470d89f4b7890fa89ea59393eb6
1749,sativa,kona gold
1750,hybrid,kong
1751,indica,kool aid smile
1752,hybrid,koolato
1753,indica,kosher kush
1754,hybrid,kosher tangie
1755,hybrid,krakatoa
1756,indica,kraken
1757,indica,kreamy karamel
1758,indica,krishna kush
1759,indica,kritikal k
1760,indica,kryptonite
1761,hybrid,kuato
1762,indica,kubbie kush
1763,hybrid,kuchi
1764,hybrid,kurple fantasy
1765,hybrid,kush ben yamini
1766,hybrid,kush cleaner
1767,hybrid,kush hemp
1768,hybrid,kush rise
1769,hybrid,kush n cheese
1770,indica,kushadelic
1771,hybrid,kushage
1772,hybrid,kushashima
1773,indica,kushberry
1774,hybrid,leagle eagle
1775,hybrid,la sunshine
1776,indica,lak federal reserve
1777,hybrid,la cake
1778,hybrid,la chocolat
1779,indica,la confidential
1780,hybrid,la jack
1781,hybrid,la kookies
1782,hybrid,la kush
1783,indica,la og
1784,indica,la ultra
1785,hybrid,la woman
1786,hybrid,lapd
1787,hybrid,lsd
1788,hybrid,lvpk
1789,hybrid,la blanca
1790,indica,la blanca gold
1791,sativa,la nina
1792,sativa,la reina de africa
1793,hybrid,lady liberty
1794,hybrid,ladyburn 1974
1795,hybrid,lsd
1796,hybrid,lvpk
1797,hybrid,la blanca
1798,indica,la blanca gold
1799,sativa,la nina
1800,sativa,la reina de africa
1801,hybrid,lady liberty
1802,hybrid,ladyburn 1974
1803,hybrid,lake of fire
1804,sativa,lamb s bread
1805,hybrid,lambo og
1806,hybrid,lamborghini
1807,hybrid,lambs in space
1808,hybrid,landos stash
1809,hybrid,larry bird kush
1810,hybrid,larry og
1811,indica,las vegas purple kush bx
1812,indica,lashkar gah
1813,sativa,laughing buddha
1814,hybrid,laughing gas
1815,indica,lavender
1816,sativa,lavender haze
1817,hybrid,lavender jones
1818,hybrid,lazy lightning
1819,hybrid,lazy train
1820,hybrid,le silver royale
1821,sativa,leda uno
1822,indica,lee roy
1823,hybrid,legalized og
1824,indica,legend og
1825,sativa,legend of nigeria
1826,sativa,legendary lemon
1827,hybrid,lem chem
1828,hybrid,lemon alien dawg
1829,hybrid,lemon banana sherbet
1830,hybrid,lemon bananas
1831,sativa,lemon bubble
1832,sativa,lemon cake
1833,hybrid,lemon cookies
1834,sativa,lemon crme
1835,hybrid,lemon daddy
1836,hybrid,lemon diesel
1837,hybrid,lemon drop
1838,hybrid,lemon fire
1839,sativa,lemon g
1840,hybrid,lemon garlic og
1841,sativa,lemon haze
1842,sativa,lemon ice
1843,sativa,lemon jack
1844,hybrid,lemon jeffery
1845,hybrid,lemon kush
1846,hybrid,lemon kush headband
1847,hybrid,lemon larry lavender
1848,hybrid,lemon marmalade
1849,sativa,lemon meringue
1850,hybrid,lemon og haze
1851,sativa,lemon jack
1852,hybrid,lemon jeffery
1853,hybrid,lemon kush
1854,hybrid,lemon kush headband
1855,hybrid,lemon larry lavender
1856,hybrid,lemon marmalade
1857,sativa,lemon meringue
1858,hybrid,lemon og haze
1859,hybrid,lemon og
1860,sativa,lemon pie
1861,hybrid,lemon prevention
1862,sativa,lemon sativa
1863,hybrid,lemon skunk
1864,hybrid,lemon sorbet 3
1865,hybrid,lemon tangie
1866,sativa,lemon thai
1867,hybrid,lemon thai kush
1868,hybrid,lemon tree
1869,hybrid,lemon walker og
1870,hybrid,lemon wreck
1871,sativa,lemon zest
1872,hybrid,lemonberry
1873,hybrid,lemonchello 28
1874,hybrid,lemonder
1875,hybrid,lemongrass
1876,hybrid,lemonhead og
1877,sativa,lennon
1878,sativa,leonidas
1879,hybrid,lethal purple
1880,hybrid,liberty haze
1881,hybrid,lifesaver
1882,hybrid,lifestar
1883,hybrid,lifter
1884,sativa,light of jah
1885,hybrid,lil sebastian
1886,hybrid,lime green skunk
1887,sativa,key lime haze
1888,indica,lime purple mist
1889,sativa,lime skunk
1890,indica,lime sorbet
1891,indica,lime tart
1892,sativa,limon
1893,indica,lions gate
1894,hybrid,lions milk
1895,indica,liquid butter
1896,hybrid,little devil
1897,hybrid,little dragon
1898,sativa,llanera
1899,hybrid,locktite
1900,indica,locomotion
1901,hybrid,lodi dodi
1902,hybrid,logic diesel
1903,hybrid,longbottom leaf
1904,hybrid,loopy fruit
1905,hybrid,lost coast ghost
1906,hybrid,lost coast hash plant
1907,hybrid,locktite
1908,indica,locomotion
1909,hybrid,lodi dodi
1910,hybrid,logic diesel
1911,hybrid,longbottom leaf
1912,hybrid,loopy fruit
1913,hybrid,lost coast ghost
1914,hybrid,lost coast hash plant
1915,hybrid,lost coast og
1916,hybrid,lost sierra night nurse
1917,hybrid,lotus larry
1918,hybrid,loud dream
1919,hybrid,loud lemonade
1920,hybrid,loud scout
1921,hybrid,love boat
1922,hybrid,love is love
1923,sativa,love potion
1924,indica,love potion 9
1925,hybrid,love triangle
1926,hybrid,lowryder
1927,hybrid,loyality
1928,hybrid,luca brasi
1929,hybrid,luca brasi x sour diesel
1930,indica,lucid bolt
1931,hybrid,lucid dream
1932,indica,lucifer og
1933,hybrid,lucky charms
1934,hybrid,lucy
1935,indica,m 39
1936,hybrid,m1 56
1937,hybrid,mac
1938,hybrid,mc1
1939,hybrid,milf
1940,indica,mk ultra
1941,hybrid,mad dawg
1942,indica,mad scientist
1943,indica,madagascar
1944,sativa,madcow
1945,hybrid,madman og
1946,indica,madzilla
1947,hybrid,mag 91
1948,indica,mag landrace
1949,hybrid,magellan
1950,indica,magic beans og
1951,hybrid,magic jordan
1952,hybrid,magic melon
1953,indica,magnificent mile
1954,hybrid,magnum
1955,hybrid,magnum opus
1956,sativa,magnum pi
1957,hybrid,mai tai cookies
1958,hybrid,majestic 12
1959,sativa,mako haze
1960,sativa,malakoff
1961,sativa,malawi
1962,sativa,malawi gold
1963,hybrid,magnum opus
1964,sativa,magnum pi
1965,hybrid,mai tai cookies
1966,hybrid,majestic 12
1967,sativa,mako haze
1968,sativa,malakoff
1969,sativa,malawi
1970,sativa,malawi gold
1971,hybrid,mammoth
1972,hybrid,mandala 1
1973,hybrid,mandarin cookies
1974,hybrid,mandarin dreams
1975,hybrid,mandarin jack
1976,indica,mandarin sunset
1977,hybrid,mandarin tk
1978,hybrid,mandarin zkittlez
1979,indica,mango
1980,sativa,mango dream
1981,hybrid,mango habanero
1982,sativa,mango haze
1983,hybrid,mango kush
1984,hybrid,mango sapphire
1985,hybrid,mango sherbert
1986,hybrid,mango tango
1987,indica,mangolicious
1988,hybrid,manitoba poison
1989,indica,maple leaf indica
1990,hybrid,maramota 10
1991,hybrid,marcosus marshmellow
1992,hybrid,margaret cho g
1993,hybrid,marionberry kush
1994,hybrid,marionberry pie
1995,hybrid,marleys collie
1996,hybrid,marmalade
1997,indica,mars og
1998,hybrid,martian candy
1999,hybrid,martian mean green
2000,indica,martian muffins
2001,indica,master bubba
2002,indica,master jedi
2003,indica,master kush
2004,indica,master og
2005,hybrid,master skunk
2006,hybrid,master yoda
2007,sativa,matanuska thunder fuck
2008,indica,mataro blue
2009,indica,matsu
2010,hybrid,mau mau
2011,sativa,maui
2012,hybrid,maui berry
2013,hybrid,maui bubble gift
2014,sativa,maui citrus punch
2015,hybrid,maui haole
2016,hybrid,maui mango diesel
2017,hybrid,maui pineapple chunk
2018,sativa,maui wowie
2019,sativa,maui
2020,hybrid,maui berry
2021,hybrid,maui bubble gift
2022,sativa,maui citrus punch
2023,hybrid,maui haole
2024,hybrid,maui mango diesel
2025,hybrid,maui pineapple chunk
2026,sativa,maui wowie
2027,hybrid,mauna kea white fire og
2028,indica,mazar i sharif
2029,indica,mazar kush
2030,hybrid,mazar x blueberry
2031,hybrid,skywalker og
2032,indica,mazari
2033,hybrid,mean misty
2034,sativa,medihaze
2035,hybrid,medibud
2036,indica,medical 49
2037,hybrid,medicine man
2038,hybrid,medicine woman
2039,hybrid,medusa
2040,hybrid,mega jackpot
2041,sativa,megalodon
2042,sativa,mekamika haze
2043,hybrid,melon gum
2044,hybrid,melonberry
2045,hybrid,member berry
2046,sativa,memory loss
2047,indica,mendo afgoo
2048,indica,mendo breath
2049,hybrid,mendo montage
2050,hybrid,mendo queen
2051,hybrid,mendo supremo
2052,hybrid,mendocino madness
2053,hybrid,mendocino purps
2054,indica,mercury og
2055,indica,merlot og
2056,sativa,mexican
2057,hybrid,mexican kush
2058,sativa,mexican sativa
2059,hybrid,michael phelps og
2060,sativa,michka
2061,sativa,mickey kush
2062,hybrid,middlefork
2063,sativa,middlefork x pineapple express
2064,hybrid,midnight
2065,hybrid,mighty glue
2066,hybrid,mighty quin
2067,hybrid,mike larry
2068,indica,milky way
2069,hybrid,millennium
2070,hybrid,mimosa
2071,hybrid,mint chocolate chip
2072,hybrid,mint lemonade
2073,hybrid,mission kush
2074,indica,misty kush
2075,hybrid,mike larry
2076,indica,milky way
2077,hybrid,millennium
2078,hybrid,mimosa
2079,hybrid,mint chocolate chip
2080,hybrid,mint lemonade
2081,hybrid,mission kush
2082,indica,misty kush
2083,hybrid,misty morning
2084,hybrid,mob boss
2085,sativa,moby dick
2086,hybrid,mochi
2087,indica,molokai frost
2088,indica,molokai purpz
2089,indica,money maker
2090,indica,monkey bread 1
2091,hybrid,monkey paw
2092,hybrid,monkey thunder
2093,indica,monolith
2094,indica,monster cookies
2095,hybrid,monster og
2096,hybrid,montana silvertip
2097,hybrid,moon cookies
2098,hybrid,moon drops
2099,indica,moon walk
2100,indica,moonbeam
2101,sativa,moondance
2102,sativa,moonshine haze
2103,hybrid,moontang
2104,hybrid,moonwalker kush
2105,sativa,moose and lobsta
2106,hybrid,more cowbell
2107,hybrid,morning glory
2108,hybrid,morning star
2109,indica,mossad
2110,indica,mossimo og
2111,indica,motavation
2112,sativa,mother tongue
2113,indica,mother of all cherries
2114,indica,mother of berries
2115,hybrid,mothers milk
2116,sativa,mothertongue
2117,sativa,mothers finest
2118,hybrid,mothers helper
2119,hybrid,motorbreath
2120,hybrid,mountain girl
2121,hybrid,mountain girl x grape ape
2122,sativa,mountain temple
2123,sativa,mountain thunder
2124,hybrid,mozambique poison
2125,indica,mr nice
2126,hybrid,mr tusk
2127,hybrid,ms universe
2128,indica,mt cook
2129,hybrid,mt hood magic
2130,hybrid,mt rainier
2131,sativa,mountain thunder
2132,hybrid,mozambique poison
2133,indica,mr nice
2134,hybrid,mr tusk
2135,hybrid,ms universe
2136,indica,mt cook
2137,hybrid,mt hood magic
2138,hybrid,mt rainier
2139,indica,mud bite
2140,indica,murkle
2141,hybrid,mystery 98
2142,hybrid,mystery jazz
2143,sativa,nl5 haze mist
2144,hybrid,ny cheese
2145,hybrid,ny 47
2146,hybrid,nyc diesel
2147,sativa,nypd
2148,hybrid,nanas fix
2149,sativa,narnia
2150,hybrid,nchoosha y
2151,hybrid,nebula
2152,hybrid,nebula ii cbd
2153,sativa,nectarine lips
2154,indica,negra 44
2155,hybrid,neil haze
2156,sativa,nepalese
2157,hybrid,nepalese jam
2158,indica,neptune kush
2159,indica,neptune og
2160,hybrid,neroli 91
2161,sativa,nevils wreck
2162,sativa,nevilles haze
2163,hybrid,new glue
2164,hybrid,newberry
2165,indica,nexus og
2166,indica,nice cherry
2167,indica,nicole kush
2168,indica,night nurse
2169,indica,night terror og
2170,indica,night train
2171,sativa,nightfire og
2172,hybrid,nightmare cookies
2173,hybrid,nightmare og
2174,sativa,nina limone
2175,hybrid,ninja fruit
2176,hybrid,nor cal purps
2177,indica,nordle
2178,indica,north american
2179,sativa,north american sativa
2180,indica,north indian
2181,indica,northernberry
2182,hybrid,northern cross
2183,indica,northern lights
2184,indica,northern lights 5
2185,sativa,northern lights 5 x haze
2186,hybrid,northern skunk
2187,sativa,north american sativa
2188,indica,north indian
2189,indica,northernberry
2190,hybrid,northern cross
2191,indica,northern lights
2192,indica,northern lights 5
2193,sativa,northern lights 5 x haze
2194,hybrid,northern skunk
2195,indica,northern wreck
2196,hybrid,northwest pineapple
2197,indica,nova
2198,hybrid,nuclear cookies
2199,indica,nuggetry og
2200,hybrid,nukeheads
2201,indica,nuken
2202,sativa,nurse jackie
2203,indica,oca gold
2204,hybrid,ocas cloud 9
2205,sativa,ocd
2206,hybrid,og 18
2207,indica,og 1 kenobi
2208,hybrid,og cheese
2209,hybrid,og chem
2210,hybrid,og diesel kush
2211,indica,og eddy lepp
2212,hybrid,og glue sniffer
2213,hybrid,og kush
2214,indica,og la affie
2215,hybrid,og lime killer
2216,indica,og los angeles kush
2217,hybrid,og poison
2218,hybrid,og purple fire thai
2219,hybrid,og ringo
2220,hybrid,og shark
2221,hybrid,og skunk
2222,hybrid,og sour diesel
2223,hybrid,og strawberry
2224,hybrid,og strawberry star killer
2225,hybrid,og tonic
2226,hybrid,og wreck
2227,indica,ogs pearl
2228,hybrid,ogkb
2229,hybrid,ogkz
2230,hybrid,ogiesel
2231,indica,obama kush
2232,sativa,ocean view
2233,hybrid,odyssey
2234,hybrid,ogre
2235,indica,ogre berry
2236,hybrid,ol betsy
2237,hybrid,old dirty biker
2238,hybrid,old lyme connecticut og
2239,sativa,old mother sativa
2240,hybrid,old school og
2241,hybrid,old toby
2242,sativa,oldtimers haze
2243,indica,ogre berry
2244,hybrid,ol betsy
2245,hybrid,old dirty biker
2246,hybrid,old lyme connecticut og
2247,sativa,old mother sativa
2248,hybrid,old school og
2249,hybrid,old toby
2250,sativa,oldtimers haze
2251,hybrid,omega
2252,hybrid,omega dawg
2253,hybrid,one to one
2254,indica,opal og kush
2255,hybrid,opium
2256,hybrid,or
2257,indica,orange afghani
2258,hybrid,orange blossom
2259,hybrid,orange bud
2260,hybrid,orange cookies
2261,hybrid,orange cream
2262,hybrid,orange creamsicle
2263,hybrid,orange crush
2264,hybrid,orange diesel
2265,hybrid,orange dream
2266,sativa,orange durban
2267,hybrid,orange fanta
2268,hybrid,orange harambe
2269,hybrid,orange haze
2270,hybrid,orange hill special
2271,hybrid,orange juice
2272,indica,orange kush
2273,hybrid,orange kush breath
2274,hybrid,orange poison
2275,indica,orange romulan
2276,hybrid,orange skunk
2277,hybrid,orange snow cone
2278,hybrid,orange turbo
2279,hybrid,orange velvet
2280,sativa,orange wreck
2281,hybrid,orangutang
2282,indica,oregon diesel
2283,hybrid,oregon pineapple
2284,sativa,oregon pinot noir
2285,hybrid,organic diesel
2286,hybrid,orient express
2287,hybrid,original glue
2288,indica,ortega
2289,hybrid,oteils egyptian kush
2290,sativa,outer space
2291,sativa,outlaw
2292,hybrid,ozma
2293,indica,p 51
2294,hybrid,p 91
2295,hybrid,pb souffl
2296,hybrid,ptsd
2297,indica,pvc og
2298,indica,pacific blue
2299,sativa,outlaw
2300,hybrid,ozma
2301,indica,p 51
2302,hybrid,p 91
2303,hybrid,pb souffl
2304,hybrid,ptsd
2305,indica,pvc og
2306,indica,pacific blue
2307,hybrid,pacific frost
2308,sativa,pagoda
2309,indica,pakistan valley kush
2310,indica,pakistani chitral kush
2311,indica,palm tree cbd
2312,indica,pamelina
2313,hybrid,pan jam
2314,sativa,panama punch
2315,sativa,panama red
2316,hybrid,panda og
2317,sativa,pandoras box
2318,hybrid,panzer kush
2319,indica,papas og
2320,indica,papaya
2321,indica,paris og
2322,indica,paris xxx
2323,hybrid,patti cake
2324,hybrid,peach cobbler
2325,hybrid,peach crescendo f 1
2326,hybrid,peach puree
2327,hybrid,peaches and cream
2328,hybrid,peachy mack
2329,hybrid,pearl scout cookies
2330,hybrid,peles fire og
2331,indica,pennywise
2332,hybrid,peppermint cookies
2333,hybrid,perfect purple
2334,hybrid,permafrost
2335,indica,pestilence
2336,indica,petrolia headstash
2337,indica,peyote cookies
2338,hybrid,peyton manning
2339,indica,pez
2340,indica,phantom arrow
2341,hybrid,phantom cookies
2342,indica,phantom og
2343,indica,phatt frutty
2344,hybrid,pheno 51
2345,indica,phishhead kush
2346,hybrid,pie face og
2347,hybrid,pie hoe
2348,hybrid,pine cone
2349,hybrid,pine queen dream
2350,indica,pine tar kush
2351,hybrid,pineapple
2352,hybrid,pineapple calyx
2353,hybrid,pineapple chunk
2354,hybrid,pineapple cookies
2355,hybrid,pie hoe
2356,hybrid,pine cone
2357,hybrid,pine queen dream
2358,indica,pine tar kush
2359,hybrid,pineapple
2360,hybrid,pineapple calyx
2361,hybrid,pineapple chunk
2362,hybrid,pineapple cookies
2363,hybrid,pineapple diesel
2364,hybrid,pineapple dog shit
2365,hybrid,pineapple express
2366,sativa,pineapple fields
2367,sativa,pineapple haze
2368,sativa,pineapple jack
2369,hybrid,pineapple kush
2370,hybrid,pineapple mayhem
2371,sativa,pineapple og
2372,sativa,pineapple punch
2373,hybrid,pineapple purple skunk
2374,sativa,pineapple purps
2375,hybrid,pineapple sage 0c9f3c369b6a422f94ef911b8ba67373
2376,sativa,pineapple sage
2377,hybrid,pineapple skunk
2378,sativa,pineapple super silver haze
2379,sativa,pineapple thai
2380,hybrid,pineapple trainwreck
2381,hybrid,pineapple upside down cake
2382,hybrid,pineapple zest
2383,hybrid,pineberry
2384,hybrid,pinewarp
2385,indica,pink berry
2386,indica,pink bubba
2387,indica,pink champagne
2388,hybrid,pink cookies
2389,indica,pink death star
2390,hybrid,pink hawaiian
2391,hybrid,pink kush
2392,hybrid,pink lemonade
2393,hybrid,pink mango
2394,hybrid,pink panther
2395,indica,pink panties
2396,hybrid,pink pez
2397,hybrid,pink starburst
2398,indica,pink sunset
2399,indica,pinkman goo
2400,sativa,pinot green
2401,hybrid,pirate radio
2402,indica,pitbull
2403,sativa,pia collision
2404,indica,placenta
2405,indica,platinum bubba kush
2406,hybrid,platinum calyx
2407,hybrid,platinum gsc
2408,hybrid,platinum huckleberry cookies
2409,indica,platinum kush
2410,indica,platinum og
2411,sativa,pia collision
2412,indica,placenta
2413,indica,platinum bubba kush
2414,hybrid,platinum calyx
2415,hybrid,platinum gsc
2416,hybrid,platinum huckleberry cookies
2417,indica,platinum kush
2418,indica,platinum og
2419,indica,platinum purple kush
2420,hybrid,platinum sour diesel
2421,hybrid,platinum wreck
2422,hybrid,plum dawg millionaire
2423,indica,plushberry
2424,indica,pluto kush
2425,sativa,poison haze
2426,indica,pokie
2427,sativa,poochie love
2428,hybrid,pop rox
2429,indica,popcorn kush
2430,indica,pot of gold
2431,sativa,powderhound
2432,indica,power kush
2433,sativa,power plant
2434,hybrid,power purps
2435,hybrid,powernap
2436,hybrid,prayer tower
2437,indica,pre 98 bubba kush
2438,hybrid,predator pink
2439,indica,presidential og
2440,indica,prevention
2441,indica,primus
2442,sativa,princess
2443,hybrid,princesss tiara
2444,hybrid,prismatic jack
2445,hybrid,professor chaos
2446,hybrid,project blue book
2447,sativa,proper pho shatter s
2448,indica,puna buddaz
2449,hybrid,puna budder
2450,indica,punky lion
2451,sativa,punto rojo tierra adentro
2452,hybrid,punxsy punch
2453,hybrid,pura vida
2454,indica,pure afghan
2455,indica,pure kush
2456,indica,pure love
2457,indica,pure og
2458,hybrid,pure power plant
2459,hybrid,purple ak 47
2460,indica,purple afghani
2461,hybrid,purple alien og
2462,hybrid,purple animal cookies
2463,hybrid,purple arrow
2464,hybrid,purple aurora
2465,indica,purple berry
2466,hybrid,purple berry skunk
2467,hybrid,purple ak 47
2468,indica,purple afghani
2469,hybrid,purple alien og
2470,hybrid,purple animal cookies
2471,hybrid,purple arrow
2472,hybrid,purple aurora
2473,indica,purple berry
2474,hybrid,purple berry skunk
2475,indica,purple bubba
2476,indica,purple bud
2477,indica,purple buddha
2478,indica,purple bush
2479,indica,purple candy
2480,sativa,purple champagne
2481,indica,purple cheddar
2482,hybrid,purple cheese
2483,indica,purple chemdawg
2484,indica,purple cotton candy
2485,sativa,purple cow
2486,hybrid,purple crack
2487,indica,purple cream
2488,hybrid,purple diesel
2489,hybrid,purple dog shit
2490,indica,purple dragon
2491,hybrid,purple dream
2492,indica,purple elephant
2493,hybrid,purple frost
2494,hybrid,purple glue
2495,hybrid,purple goat
2496,indica,purple goo
2497,hybrid,purple gorilla
2498,indica,purple happy rancher
2499,hybrid,purple hashplant
2500,sativa,purple haze
2501,hybrid,purple headband
2502,indica,purple hindu kush
2503,hybrid,purple ice
2504,hybrid,purple jack
2505,indica,purple killer
2506,indica,purple kush
2507,indica,purple linda
2508,indica,purple martian kush
2509,hybrid,purple maui
2510,indica,purple monkey balls
2511,hybrid,purple moss
2512,indica,purple mr nice
2513,indica,purple nepal
2514,indica,purple og kush
2515,hybrid,purple pantera
2516,indica,purple panty dropper
2517,hybrid,purple paralysis
2518,indica,purple passion
2519,indica,purple people eater
2520,hybrid,purple pie
2521,indica,purple pinecone
2522,sativa,purple power
2523,hybrid,purple pantera
2524,indica,purple panty dropper
2525,hybrid,purple paralysis
2526,indica,purple passion
2527,indica,purple people eater
2528,hybrid,purple pie
2529,indica,purple pinecone
2530,sativa,purple power
2531,hybrid,purple prevention
2532,hybrid,purple princess
2533,indica,purple punch
2534,hybrid,purple raine
2535,hybrid,purple rhino
2536,hybrid,purple sage
2537,hybrid,purple skunk
2538,hybrid,purple sour diesel
2539,indica,purple star
2540,indica,purple swish
2541,sativa,purple tangie
2542,hybrid,purple tears
2543,sativa,purple thai
2544,hybrid,purple tide
2545,indica,purple tonic
2546,hybrid,purple trainwreck
2547,indica,purple urkle
2548,hybrid,purple voodoo
2549,hybrid,purple widow
2550,indica,purple wreck
2551,sativa,q3
2552,hybrid,qleaner
2553,hybrid,qrazy train
2554,hybrid,quad dawg
2555,sativa,quantum kush
2556,hybrid,quebec gold
2557,indica,queen mother goji
2558,hybrid,queens panties
2559,indica,querkle
2560,hybrid,queso
2561,indica,quin n tonic
2562,hybrid,quiver killer kush
2563,indica,qush
2564,hybrid,r 4
2565,hybrid,rks
2566,hybrid,race fuel og
2567,sativa,rafael
2568,hybrid,rainbow
2569,indica,rainbow jones
2570,hybrid,raindance
2571,hybrid,ramses
2572,indica,rare dankness 1
2573,indica,rare darkness
2574,hybrid,raskal og
2575,sativa,raspberry cough
2576,hybrid,raspberry diesel
2577,indica,raspberry kush
2578,hybrid,raspberry tart
2579,hybrid,ramses
2580,indica,rare dankness 1
2581,indica,rare darkness
2582,hybrid,raskal og
2583,sativa,raspberry cough
2584,hybrid,raspberry diesel
2585,indica,raspberry kush
2586,hybrid,raspberry tart
2587,hybrid,raw diesel
2588,indica,ray charles
2589,hybrid,rebel berry og
2590,sativa,rebel god smoke
2591,sativa,rebel tangie kandy
2592,indica,reclining buddha
2593,indica,recon
2594,hybrid,red cherry berry
2595,sativa,red congolese
2596,hybrid,red diesel
2597,hybrid,red dragon
2598,indica,red dwarf
2599,indica,red eye og
2600,sativa,red haze
2601,sativa,red headed stranger
2602,hybrid,red poison
2603,hybrid,red rhino
2604,hybrid,red velvet pie
2605,hybrid,red widow
2606,hybrid,redd cross
2607,hybrid,redding og
2608,indica,redwood kush
2609,indica,remedy
2610,hybrid,remo chemo
2611,hybrid,rene
2612,hybrid,rene mist
2613,hybrid,revival
2614,hybrid,richie rich
2615,hybrid,riddler og
2616,sativa,ridge berry
2617,indica,rigger kush
2618,hybrid,ringos gift
2619,indica,rip city purps
2620,hybrid,ripped bubba
2621,hybrid,rise n shine
2622,hybrid,river song
2623,hybrid,road dawg
2624,hybrid,rob ford kush
2625,sativa,robert plant
2626,indica,rockbud
2627,hybrid,rocket fuel
2628,indica,rocklock
2629,indica,rockstar
2630,indica,rockstar kush
2631,indica,rockstar master kush
2632,hybrid,rocky dennis
2633,indica,rocky mountain blueberry
2634,hybrid,rocky mountain high
2635,hybrid,rocket fuel
2636,indica,rocklock
2637,indica,rockstar
2638,indica,rockstar kush
2639,indica,rockstar master kush
2640,hybrid,rocky dennis
2641,indica,rocky mountain blueberry
2642,hybrid,rocky mountain high
2643,indica,rollex og kush
2644,hybrid,rolls choice
2645,hybrid,romping goddess
2646,indica,romulan
2647,hybrid,romulan grapefruit
2648,hybrid,romulan haze
2649,sativa,root beer kush
2650,indica,rose bud
2651,hybrid,royal chemdawg
2652,hybrid,royal dwarf
2653,sativa,royal haze
2654,hybrid,royal highness
2655,hybrid,royal kush
2656,sativa,royal salute
2657,hybrid,royal tree sherbet
2658,hybrid,roz
2659,hybrid,rubicon
2660,hybrid,rudeboi og
2661,hybrid,rug burn og
2662,indica,russian assassin
2663,sativa,russian doll
2664,hybrid,russian rocket fuel
2665,indica,russian roulette
2666,hybrid,sage
2667,hybrid,sage walker
2668,hybrid,sfv dog
2669,hybrid,sfv og
2670,indica,sfv og kush
2671,sativa,sour land
2672,hybrid,safety meeting
2673,sativa,sage n sour
2674,indica,salmon river og
2675,hybrid,samoa kush
2676,sativa,santa maria
2677,sativa,santa sativa
2678,hybrid,sapphire cherries
2679,hybrid,sapphire scout
2680,hybrid,sapphire star
2681,hybrid,sasquatch sap
2682,indica,satellite og
2683,hybrid,satori
2684,hybrid,satsuma
2685,hybrid,saturn og
2686,hybrid,savage citrus sunshine
2687,hybrid,savants grail
2688,sativa,schrom
2689,hybrid,scooby snack
2690,hybrid,scotts og
2691,hybrid,satori
2692,hybrid,satsuma
2693,hybrid,saturn og
2694,hybrid,savage citrus sunshine
2695,hybrid,savants grail
2696,sativa,schrom
2697,hybrid,scooby snack
2698,hybrid,scotts og
2699,hybrid,scouts honor
2700,hybrid,scroopy noopers
2701,indica,seattle blue
2702,sativa,seattle cough
2703,hybrid,seattle summer
2704,hybrid,seattlesoda
2705,indica,secret garden og
2706,hybrid,secret recipe
2707,indica,sensi skunk
2708,indica,sensi star
2709,sativa,sequoia strawberry
2710,hybrid,sergerbloom haze
2711,sativa,serious 6
2712,hybrid,serious happiness
2713,indica,sexxpot
2714,sativa,shaman
2715,hybrid,shamans dream
2716,hybrid,shangri la
2717,indica,shark attack
2718,hybrid,shark bite
2719,indica,shark shock
2720,hybrid,sharks breath
2721,hybrid,sunset sherbert
2722,hybrid,shiatsu kush
2723,sativa,shining silver haze
2724,sativa,shipwreck
2725,indica,shishkaberry
2726,hybrid,shiskaquine
2727,indica,shiva skunk
2728,hybrid,shoreline
2729,hybrid,shurman
2730,hybrid,siddharthas dream
2731,hybrid,sidetracked
2732,hybrid,sierra mist
2733,hybrid,silver back
2734,hybrid,silver bubble
2735,hybrid,silver calyx
2736,hybrid,silver cindy
2737,sativa,silver haze
2738,sativa,silver kush
2739,hybrid,silver mountain
2740,hybrid,silver nina
2741,hybrid,silver pearl
2742,hybrid,silver surfer
2743,sativa,silver train
2744,indica,silverback gorilla
2745,hybrid,silverfalls kush
2746,sativa,silverhawks og
2747,hybrid,silver mountain
2748,hybrid,silver nina
2749,hybrid,silver pearl
2750,hybrid,silver surfer
2751,sativa,silver train
2752,indica,silverback gorilla
2753,hybrid,silverfalls kush
2754,sativa,silverhawks og
2755,indica,sin city kush
2756,hybrid,sin valley og
2757,hybrid,sinmint cookies
2758,sativa,sinai
2759,indica,sirius black
2760,hybrid,gg 1
2761,hybrid,six shooter
2762,hybrid,sizzurp
2763,hybrid,skins skunk
2764,indica,skunk 47
2765,sativa,skunk dawg
2766,hybrid,skunk haze
2767,hybrid,skunk 1
2768,indica,skunk plus
2769,hybrid,skunkberry
2770,hybrid,skunky diesel
2771,hybrid,sky lotus
2772,sativa,sky master
2773,indica,skydog
2774,hybrid,skywalker alien
2775,sativa,slazerbeam
2776,sativa,sleeskunk
2777,sativa,sleestack
2778,hybrid,slice of heaven
2779,hybrid,slimer og
2780,hybrid,slurpie
2781,hybrid,smelliot
2782,hybrid,smooth operator
2783,indica,snoop dogg og
2784,hybrid,snoop s dream
2785,hybrid,snow bud
2786,hybrid,snow diesel
2787,hybrid,snow goddess
2788,indica,snow leopard
2789,hybrid,snow lotus
2790,indica,snow monster
2791,indica,snow mountain
2792,indica,snow ryder
2793,hybrid,snow white
2794,hybrid,snowland
2795,hybrid,snowcap
2796,sativa,sojay haze
2797,hybrid,solos stash
2798,indica,somango
2799,sativa,sonic screwdriver
2800,sativa,sonoma coma
2801,hybrid,soraya
2802,hybrid,sorbet 4
2803,hybrid,snowcap
2804,sativa,sojay haze
2805,hybrid,solos stash
2806,indica,somango
2807,sativa,sonic screwdriver
2808,sativa,sonoma coma
2809,hybrid,soraya
2810,hybrid,sorbet 4
2811,hybrid,sorbet dreams
2812,hybrid,sorbet stash
2813,hybrid,sorbetto
2814,hybrid,sorcerers apprentice
2815,hybrid,soul assassin og
2816,hybrid,soul shine
2817,indica,soulshine aloha
2818,hybrid,sour alien
2819,sativa,sour amnesia
2820,indica,sour ape
2821,hybrid,sour apple
2822,hybrid,sour banana sherbet
2823,hybrid,sour blueberry
2824,hybrid,sour boggle
2825,sativa,sour breath
2826,indica,sour bubba
2827,indica,sour bubble
2828,hybrid,sour candy
2829,hybrid,sour chees
2830,hybrid,sour cherry sherbert
2831,sativa,sour chocolate
2832,hybrid,sour chunk
2833,hybrid,sour cookies
2834,hybrid,sour cream
2835,sativa,sour diesel
2836,hybrid,sour dream
2837,hybrid,sour dubble
2838,sativa,sour flower
2839,hybrid,sour grape
2840,sativa,sour haze
2841,hybrid,sour headband
2842,sativa,sour jack
2843,hybrid,sour jilly
2844,sativa,sour joker
2845,hybrid,sour kosher
2846,hybrid,sour kush
2847,hybrid,sour lsd
2848,hybrid,sour lemon og
2849,hybrid,sour lemons
2850,hybrid,sour lifesavers
2851,sativa,sour maui
2852,hybrid,sour og
2853,hybrid,sour patch kiss
2854,sativa,sour pebbles
2855,sativa,sour poison
2856,hybrid,sour power
2857,hybrid,sour power og
2858,hybrid,sour sorbet
2859,sativa,sour maui
2860,hybrid,sour og
2861,hybrid,sour patch kiss
2862,sativa,sour pebbles
2863,sativa,sour poison
2864,hybrid,sour power
2865,hybrid,sour power og
2866,hybrid,sour sorbet
2867,hybrid,sour space candy
2868,indica,sour spyder
2869,sativa,sour star head
2870,hybrid,sour strawberry
2871,hybrid,sour strawberry diesel
2872,hybrid,sour sunset
2873,sativa,sour tangie
2874,hybrid,sour tsunami
2875,hybrid,sour urkle
2876,sativa,sour willie
2877,sativa,sourlope
2878,sativa,south american
2879,indica,south asian
2880,sativa,south asian sativa
2881,indica,south central la
2882,indica,south indian indica
2883,sativa,south indian
2884,sativa,southern lights
2885,hybrid,space bomb
2886,hybrid,space cake
2887,hybrid,space candy
2888,hybrid,space cream
2889,indica,space dawg
2890,sativa,space jill
2891,indica,space monster
2892,sativa,space needle
2893,hybrid,space poison
2894,hybrid,space queen
2895,hybrid,special k
2896,indica,special kush 1
2897,hybrid,special sauce
2898,hybrid,spicy disco
2899,hybrid,spiked punch
2900,hybrid,spirit of 76
2901,sativa,spliffs strawberry
2902,indica,spoetnik 1
2903,hybrid,spumoni
2904,sativa,sputnik
2905,hybrid,spyder mon
2906,hybrid,star 47
2907,indica,star berry
2908,indica,star killer
2909,indica,star master kush
2910,hybrid,star pupil
2911,hybrid,star tonic
2912,indica,starbud
2913,hybrid,stardawg
2914,indica,stardawg 91
2915,indica,star berry
2916,indica,star killer
2917,indica,star master kush
2918,hybrid,star pupil
2919,hybrid,star tonic
2920,indica,starbud
2921,hybrid,stardawg
2922,indica,stardawg 91
2923,sativa,stardawg guava
2924,hybrid,starfighter
2925,hybrid,starman
2926,hybrid,starry night
2927,hybrid,stashsquatch
2928,sativa,stella blue
2929,indica,stephen hawking kush
2930,hybrid,stevie wonder
2931,hybrid,stinky pete
2932,hybrid,stoopid fruits
2933,sativa,straight as haze
2934,hybrid,strange brew
2935,hybrid,strawberries cream
2936,sativa,strawberry
2937,hybrid,strawberry alien kush
2938,sativa,strawberry amnesia
2939,hybrid,strawberry banana
2940,sativa,strawberry blonde
2941,hybrid,strawberry blondie
2942,sativa,strawberry blue
2943,indica,strawberry cheesecake
2944,sativa,strawberry cough
2945,hybrid,strawberry diesel
2946,hybrid,strawberry dream
2947,sativa,strawberry durban diesel
2948,indica,strawberry fields
2949,indica,strawberry frost
2950,sativa,strawberry ice
2951,hybrid,strawberry kush
2952,sativa,strawberry lemonade
2953,sativa,strawberry mango haze
2954,hybrid,strawberry milkshake
2955,hybrid,strawberry og
2956,sativa,strawberry satori
2957,indica,strawberry shortcake
2958,hybrid,strawberry snow cone
2959,hybrid,strawberry sorbet
2960,sativa,sublime
2961,indica,sugar black rose
2962,hybrid,sugar breath
2963,hybrid,sugar calyx
2964,hybrid,sugar cookie
2965,indica,sugar kush
2966,indica,sugar mama
2967,hybrid,sugar pine
2968,sativa,sugar plum
2969,indica,joliet jake
2970,hybrid,sugar punch
2971,hybrid,sugar calyx
2972,hybrid,sugar cookie
2973,indica,sugar kush
2974,indica,sugar mama
2975,hybrid,sugar pine
2976,sativa,sugar plum
2977,indica,joliet jake
2978,hybrid,sugar punch
2979,hybrid,sugar shack
2980,hybrid,suicide girl
2981,hybrid,summer breeze
2982,sativa,summertime squeeze
2983,sativa,sumo grande
2984,indica,sumo og kush
2985,sativa,sun ra
2986,sativa,sunburn
2987,hybrid,sundae driver
2988,hybrid,sunlight skunk
2989,hybrid,sunny d
2990,indica,sunset
2991,hybrid,sunset fire
2992,hybrid,sunset haze
2993,sativa,sunshine
2994,hybrid,sunshine 4
2995,indica,sunshine daydream
2996,sativa,supa don
2997,indica,super chronic
2998,hybrid,super blue dream
2999,indica,super bud
3000,sativa,super cat piss
3001,indica,super cheese
3002,sativa,super g
3003,hybrid,super glu
3004,sativa,super green crack
3005,sativa,super jack
3006,indica,super kush
3007,sativa,super lemon haze
3008,hybrid,super lemon og
3009,hybrid,super silver bullet
3010,hybrid,super silver hash plant
3011,sativa,super silver haze
3012,hybrid,super silver lights
3013,indica,super skunk
3014,sativa,super snow dog
3015,hybrid,super snow lotus
3016,sativa,super sour diesel
3017,hybrid,super sour lemon
3018,hybrid,super sour og
3019,hybrid,super sour skunk
3020,hybrid,super sour widow
3021,hybrid,super sweet
3022,indica,supergirl
3023,hybrid,superglue
3024,indica,superman og
3025,hybrid,supermax og
3026,sativa,supernatural
3027,hybrid,super sour skunk
3028,hybrid,super sour widow
3029,hybrid,super sweet
3030,indica,supergirl
3031,hybrid,superglue
3032,indica,superman og
3033,hybrid,supermax og
3034,sativa,supernatural
3035,hybrid,supernova
3036,hybrid,superstar
3037,hybrid,suver haze
3038,hybrid,suzy q
3039,sativa,swazi gold
3040,hybrid,sweet sour cindy
3041,sativa,sweet amnesia haze
3042,indica,sweet baby jane
3043,hybrid,sweet berry
3044,indica,sweet black angel
3045,sativa,sweet cheese
3046,hybrid,sweet cindy
3047,indica,sweet deep grapefruit
3048,sativa,sweet diesel
3049,hybrid,sweet dream
3050,hybrid,sweet dreams
3051,indica,sweet dreams b44e9f5d217a4d5eba9365ffa0047a94
3052,hybrid,sweet harlem diesel
3053,hybrid,sweet hawaiian tangie banana
3054,sativa,sweet jane
3055,sativa,sweet jesus
3056,hybrid,sweet kush
3057,indica,sweet lafayette
3058,hybrid,sweet nina
3059,hybrid,sweet pebbles
3060,hybrid,sweet pure cbd
3061,hybrid,sweet skunk
3062,indica,sweet tooth
3063,hybrid,sweet valley kush
3064,indica,sweet and sour widow
3065,hybrid,sweeties
3066,hybrid,swiss bliss
3067,sativa,swiss gold
3068,indica,swiss
3069,sativa,swiss sativa
3070,sativa,swiss tsunami
3071,hybrid,thc bomb
3072,hybrid,tjs cbd
3073,hybrid,tachllta till
3074,hybrid,tahoe alien
3075,hybrid,tahoe frostbite
3076,hybrid,tahoe hydro champagne
3077,hybrid,tahoe hydro og
3078,hybrid,tahoe og
3079,indica,tahoe purps
3080,indica,taliban poison
3081,hybrid,tangelo
3082,hybrid,tangelo kush
3083,hybrid,tahoe frostbite
3084,hybrid,tahoe hydro champagne
3085,hybrid,tahoe hydro og
3086,hybrid,tahoe og
3087,indica,tahoe purps
3088,indica,taliban poison
3089,hybrid,tangelo
3090,hybrid,tangelo kush
3091,hybrid,tangenesia
3092,hybrid,tangerine
3093,hybrid,tangerine dream
3094,hybrid,tangerine haze
3095,indica,tangerine kush
3096,sativa,tangerine man
3097,hybrid,tangerine power
3098,sativa,tangerine sunrise
3099,sativa,tangerine trainwreck haze
3100,sativa,tangie
3101,hybrid,tangie biscotti
3102,sativa,tangie cookies
3103,hybrid,tangie dream
3104,sativa,tangie ghost train
3105,hybrid,tangie sunrise
3106,hybrid,tangier chilly
3107,sativa,tangilope
3108,hybrid,tango kush
3109,sativa,tardis
3110,hybrid,tarmonster
3111,hybrid,tembo kush
3112,indica,terminator og
3113,hybrid,tesla
3114,sativa,tesla tower
3115,sativa,thai
3116,hybrid,thai fantasy
3117,hybrid,thai girl
3118,sativa,thai haze
3119,hybrid,thai lights
3120,sativa,thai tanic
3121,hybrid,thaidal wave
3122,hybrid,the big dirty
3123,indica,the black
3124,hybrid,the bling
3125,hybrid,the blintz
3126,sativa,the blood
3127,hybrid,the boss
3128,hybrid,the brotherhood
3129,hybrid,the cbg blend
3130,sativa,the cough
3131,indica,the doctor
3132,hybrid,the flav
3133,hybrid,the forbidden candy
3134,sativa,the fork
3135,hybrid,the fuzz
3136,hybrid,the gift
3137,hybrid,the grunk
3138,hybrid,the guice
3139,indica,the doctor
3140,hybrid,the flav
3141,hybrid,the forbidden candy
3142,sativa,the fork
3143,hybrid,the fuzz
3144,hybrid,the gift
3145,hybrid,the grunk
3146,hybrid,the guice
3147,indica,hog
3148,hybrid,the lime
3149,indica,the loops
3150,indica,the ox
3151,hybrid,the one
3152,indica,the ooze
3153,hybrid,the original lemonnade
3154,hybrid,the real mccoy
3155,hybrid,the sauce
3156,hybrid,the sheriff
3157,indica,the sister
3158,hybrid,the third dimension
3159,hybrid,the truth
3160,hybrid,the vision
3161,hybrid,the void
3162,hybrid,the white
3163,hybrid,the white angel
3164,hybrid,the wife
3165,hybrid,the wills
3166,hybrid,thelonious skunk
3167,hybrid,thin mint
3168,hybrid,think different
3169,sativa,thors hammer
3170,hybrid,three blue kings
3171,indica,throwback kush
3172,sativa,thunderbird rose
3173,sativa,thunderstruck
3174,hybrid,tickle kush
3175,hybrid,tiger woods
3176,indica,tigers milk
3177,indica,tigermelon
3178,hybrid,tillamook strawberry
3179,sativa,timewreck
3180,indica,tina
3181,hybrid,tina danza
3182,sativa,titans haze
3183,hybrid,tokyo og
3184,hybrid,tommys home grown
3185,indica,tonics web
3186,indica,tora bora
3187,hybrid,toxic
3188,hybrid,toxic punch
3189,indica,training day
3190,hybrid,trainwreck
3191,indica,tranquil elephantizer remix
3192,hybrid,transformer
3193,indica,trap star
3194,hybrid,trash
3195,hybrid,toxic
3196,hybrid,toxic punch
3197,indica,training day
3198,hybrid,trainwreck
3199,indica,tranquil elephantizer remix
3200,hybrid,transformer
3201,indica,trap star
3202,hybrid,trash
3203,hybrid,travel joint
3204,hybrid,treasure island
3205,hybrid,tree of life
3206,hybrid,tres dawg
3207,hybrid,trewbacca
3208,indica,triangle kush
3209,hybrid,trident
3210,hybrid,trifecta
3211,sativa,trinity
3212,indica,triple cheese
3213,sativa,triple diesel
3214,hybrid,triple scoop
3215,sativa,trix
3216,hybrid,trophy wife
3217,hybrid,tropic thunder
3218,hybrid,tropical tang
3219,hybrid,tropicali
3220,sativa,tropicana cookies
3221,hybrid,tropicana punch
3222,hybrid,true face
3223,hybrid,true love
3224,indica,true og
3225,indica,true x
3226,indica,trueberry
3227,indica,truffle butter
3228,hybrid,truffula tree
3229,hybrid,truth serum
3230,indica,tuna kush
3231,hybrid,tuna og
3232,hybrid,turbo mind warp
3233,sativa,tutankhamon
3234,hybrid,tutti frutti
3235,sativa,twista
3236,sativa,twisted citrus
3237,hybrid,two beards
3238,indica,tyson
3239,indica,u2 kush
3240,hybrid,uk cheese
3241,indica,uw
3242,sativa,ultimate trainwreck
3243,indica,ultra banana
3244,hybrid,ultra sonja
3245,sativa,ultra sour
3246,indica,ultraviolet og
3247,hybrid,urkle train haze
3248,hybrid,vcdc
3249,hybrid,az super sour og
3250,indica,vader og
3251,indica,ultra banana
3252,hybrid,ultra sonja
3253,sativa,ultra sour
3254,indica,ultraviolet og
3255,hybrid,urkle train haze
3256,hybrid,vcdc
3257,hybrid,az super sour og
3258,indica,vader og
3259,hybrid,valentine x
3260,hybrid,valley ghash
3261,hybrid,valley girl
3262,hybrid,vanilla frosting
3263,hybrid,vanilla gorilla
3264,indica,vanilla kush
3265,hybrid,vanilluna
3266,sativa,velvet bud
3267,hybrid,velvet krush
3268,hybrid,velvet purps
3269,sativa,venice og
3270,hybrid,venom og
3271,hybrid,venus og
3272,hybrid,verde electric
3273,hybrid,versace
3274,sativa,very berry haze
3275,hybrid,very cherry
3276,hybrid,vietnamese bubba
3277,indica,violator kush
3278,hybrid,violet delight
3279,hybrid,violeta
3280,sativa,viper
3281,hybrid,vixen
3282,sativa,voodoo
3283,sativa,vortex
3284,indica,wmd
3285,indica,wsu
3286,hybrid,wtf
3287,sativa,wabanaki
3288,sativa,waipi o hapa
3289,hybrid,wakanda og
3290,hybrid,waldo
3291,hybrid,walker kush
3292,hybrid,wally og
3293,hybrid,walrus kush
3294,hybrid,walter white
3295,hybrid,wappa
3296,hybrid,warlock
3297,indica,washing machine
3298,indica,watermelon
3299,sativa,webster
3300,hybrid,wedding cake
3301,hybrid,wedding crasher
3302,indica,weebes world
3303,hybrid,wellness og
3304,indica,wembley
3305,indica,west coast dawg
3306,indica,west og
3307,sativa,webster
3308,hybrid,wedding cake
3309,hybrid,wedding crasher
3310,indica,weebes world
3311,hybrid,wellness og
3312,indica,wembley
3313,indica,west coast dawg
3314,indica,west og
3315,sativa,wet dream
3316,hybrid,wheres my bike
3317,hybrid,whipped cherries
3318,indica,whitaker blues
3319,hybrid,white 99
3320,indica,white bastard
3321,indica,white berry
3322,indica,white bubblegum
3323,sativa,white buffalo
3324,indica,white caramel cookies
3325,hybrid,white castle
3326,hybrid,white cheese
3327,hybrid,white cherry truffle
3328,hybrid,white choco
3329,hybrid,white chocolate
3330,hybrid,white cookies
3331,hybrid,white dawg
3332,hybrid,white dawg fire og
3333,hybrid,white diesel
3334,indica,white domina
3335,indica,white dragon
3336,hybrid,white dream
3337,sativa,white durban
3338,hybrid,white elephant
3339,indica,white empress
3340,indica,white fire 43
3341,hybrid,white fire alien og
3342,hybrid,white fire og
3343,hybrid,white girl
3344,hybrid,white gold
3345,hybrid,white gorilla
3346,hybrid,white harmony
3347,sativa,white haze
3348,hybrid,white ice
3349,hybrid,white knight
3350,indica,white kryptonite
3351,indica,white kush
3352,sativa,white lsd
3353,hybrid,white lavender
3354,hybrid,white lemon
3355,hybrid,white lightning
3356,hybrid,white lotus
3357,hybrid,white master
3358,indica,white moonshine
3359,sativa,white nightmare
3360,indica,white og
3361,hybrid,white queen
3362,indica,white rhino
3363,hybrid,white lightning
3364,hybrid,white lotus
3365,hybrid,white master
3366,indica,white moonshine
3367,sativa,white nightmare
3368,indica,white og
3369,hybrid,white queen
3370,indica,white rhino
3371,hybrid,white romulan
3372,hybrid,white russian
3373,hybrid,white ryder
3374,hybrid,white sangria
3375,hybrid,white siberian
3376,hybrid,white skunk
3377,hybrid,white slipper
3378,hybrid,white smurf
3379,hybrid,white strawberry
3380,hybrid,white strawberry skunk
3381,hybrid,white super skunk
3382,indica,white tahoe cookies
3383,indica,white tygh dream
3384,hybrid,white urkle
3385,hybrid,white walker kush
3386,hybrid,white walrus
3387,hybrid,white widow
3388,hybrid,white zombie
3389,hybrid,whiteout
3390,indica,whitewalker og
3391,sativa,wild thailand
3392,hybrid,willie berrie
3393,hybrid,willie cheesie
3394,sativa,willie nelson
3395,hybrid,willies ghost
3396,hybrid,willy gs lebanese
3397,sativa,willy wonka
3398,indica,willys wonder
3399,indica,wish mountain
3400,hybrid,wolfberry
3401,hybrid,wonder haze
3402,indica,wonder kid
3403,hybrid,wonder woman
3404,indica,wonderwoman og
3405,hybrid,wonka s bubbilicious
3406,indica,woody kush
3407,hybrid,wookie
3408,hybrid,wookies
3409,hybrid,wreckage
3410,hybrid,x file
3411,hybrid,x files
3412,indica,x wing
3413,hybrid,x tra chz
3414,hybrid,x18 pure pakistani
3415,hybrid,xj 13
3416,indica,xxx 420
3417,indica,xxx og
3418,sativa,xanadu
3419,hybrid,x files
3420,indica,x wing
3421,hybrid,x tra chz
3422,hybrid,x18 pure pakistani
3423,hybrid,xj 13
3424,indica,xxx 420
3425,indica,xxx og
3426,sativa,xanadu
3427,sativa,y griega
3428,hybrid,yem og
3429,indica,yeti og
3430,indica,yoda og
3431,indica,yodas brain
3432,hybrid,yogi diesel
3433,indica,yolo berry
3434,indica,yumboldt
3435,hybrid,yummy
3436,sativa,zamaldelica
3437,hybrid,zardde gold
3438,hybrid,zeitgeist
3439,hybrid,zelda
3440,sativa,zellys gift
3441,hybrid,zen
3442,hybrid,zerculese
3443,sativa,zeta sage
3444,hybrid,zeus og
3445,indica,zkittlez
3446,indica,zombie kush
3447,indica,zombie og
3448,indica,zoom pie
3449,hybrid,hai fantasy
3450,hybrid,test1
3451,indica,a4de22ba 0b77 4a51 8972 c6c27acdb62e
3452,hybrid,test1 f4c2596aa9644dd3966127a67d015a8f
3453,hybrid,alenuihaha
3454,strain,details
