,0,1,2,3,4,5,6
0,"<div class=""strain-tile-footer"">Sweet Jesus</div>","<div class=""strain-tile-footer"">Jesus OG</div>",,,,,
1,"<div class=""strain-tile-footer"">Sweet Kush</div>",,,,,,
2,"<div class=""strain-tile-footer"">Sweet Lafayette</div>","<div class=""strain-tile-footer"">Frankenstein</div>","<div class=""strain-tile-footer"">Lemon OG Kush</div>",,,,
3,"<div class=""strain-tile-footer"">Sweet Nina</div>","<div class=""strain-tile-footer"">Hindu Kush</div>",,,,,
4,"<div class=""strain-tile-footer"">Sweet Pebbles</div>","<div class=""strain-tile-footer"">Fruity Pebbles</div>","<div class=""strain-tile-footer"">Sour Pebbles</div>",,,,
5,"<div class=""strain-tile-footer"">Sweet Pure CBD</div>",,,,,,
6,"<div class=""strain-tile-footer"">Sweet Skunk</div>","<div class=""strain-tile-footer"">Northern Lights</div>","<div class=""strain-tile-footer"">Skunk No. 1</div>",,,,
7,"<div class=""strain-tile-footer"">Sweet Tooth</div>","<div class=""strain-tile-footer"">Afghani</div>","<div class=""strain-tile-footer"">Nepalese</div>","<div class=""strain-tile-footer"">Hawaiian</div>",,,
8,"<div class=""strain-tile-footer"">Sweet Valley Kush</div>",,,,,,
9,"<div class=""strain-tile-footer"">Sweet and Sour Widow</div>","<div class=""strain-tile-footer"">White Widow</div>",,,,,
10,"<div class=""strain-tile-footer"">Sweeties</div>","<div class=""strain-tile-footer"">The White</div>","<div class=""strain-tile-footer"">Tahoe OG Kush</div>","<div class=""strain-tile-footer"">GSC</div>",,,
11,"<div class=""strain-tile-footer"">Swiss Bliss</div>",,,,,,
12,"<div class=""strain-tile-footer"">Swiss Gold</div>",,,,,,
13,"<div class=""strain-tile-footer"">Swiss Indica</div>",,,,,,
14,"<div class=""strain-tile-footer"">Swiss Sativa</div>",,,,,,
15,"<div class=""strain-tile-footer"">Swiss Tsunami</div>","<div class=""strain-tile-footer"">Swiss Gold</div>","<div class=""strain-tile-footer"">Sour Tsunami</div>",,,,
16,"<div class=""strain-tile-footer"">THC Bomb</div>",,,,,,
17,"<div class=""strain-tile-footer"">TJ's CBD</div>",,,,,,
18,"<div class=""strain-tile-footer"">Tachllta Till</div>","<div class=""strain-tile-footer"">Skunk No. 1</div>","<div class=""strain-tile-footer"">Sharksbreath</div>",,,,
19,"<div class=""strain-tile-footer"">Tahoe Alien</div>","<div class=""strain-tile-footer"">Tahoe OG Kush</div>","<div class=""strain-tile-footer"">Alien Kush</div>",,,,
20,"<div class=""strain-tile-footer"">Tahoe Frostbite</div>","<div class=""strain-tile-footer"">Tahoe OG Kush</div>","<div class=""strain-tile-footer"">Frostbite</div>",,,,
21,"<div class=""strain-tile-footer"">Tahoe Hydro Champagne</div>","<div class=""strain-tile-footer"">Jesus OG</div>",,,,,
22,"<div class=""strain-tile-footer"">Tahoe Hydro OG</div>","<div class=""strain-tile-footer"">Tahoe OG Kush</div>","<div class=""strain-tile-footer"">OG #18</div>",,,,
23,,,,,,,
24,"<div class=""strain-tile-footer"">Tahoe Purps</div>","<div class=""strain-tile-footer"">Tahoe Hydro OG</div>","<div class=""strain-tile-footer"">Granddaddy Purple</div>",,,,
25,"<div class=""strain-tile-footer"">Taliban Poison</div>",,,,,,
26,"<div class=""strain-tile-footer"">Tangelo</div>","<div class=""strain-tile-footer"">Tangerine Sunrise</div>",,,,,
27,"<div class=""strain-tile-footer"">Tangelo Kush</div>","<div class=""strain-tile-footer"">Chemdawg</div>","<div class=""strain-tile-footer"">Burmese Kush</div>",,,,
28,"<div class=""strain-tile-footer"">Tahoe Frostbite</div>","<div class=""strain-tile-footer"">Tahoe OG Kush</div>","<div class=""strain-tile-footer"">Frostbite</div>",,,,
29,"<div class=""strain-tile-footer"">Tahoe Hydro Champagne</div>","<div class=""strain-tile-footer"">Jesus OG</div>",,,,,
30,"<div class=""strain-tile-footer"">Tahoe Hydro OG</div>","<div class=""strain-tile-footer"">Tahoe OG Kush</div>","<div class=""strain-tile-footer"">OG #18</div>",,,,
31,,,,,,,
32,"<div class=""strain-tile-footer"">Tahoe Purps</div>","<div class=""strain-tile-footer"">Tahoe Hydro OG</div>","<div class=""strain-tile-footer"">Granddaddy Purple</div>",,,,
33,"<div class=""strain-tile-footer"">Taliban Poison</div>",,,,,,
34,"<div class=""strain-tile-footer"">Tangelo</div>","<div class=""strain-tile-footer"">Tangerine Sunrise</div>",,,,,
35,"<div class=""strain-tile-footer"">Tangelo Kush</div>","<div class=""strain-tile-footer"">Chemdawg</div>","<div class=""strain-tile-footer"">Burmese Kush</div>",,,,
36,"<div class=""strain-tile-footer"">Tangenesia</div>","<div class=""strain-tile-footer"">Tangerine Haze</div>",,,,,
37,"<div class=""strain-tile-footer"">Tangerine</div>",,,,,,
38,"<div class=""strain-tile-footer"">Tangerine Dream</div>","<div class=""strain-tile-footer"">G13</div>","<div class=""strain-tile-footer"">Afghani</div>","<div class=""strain-tile-footer"">Neville's Haze</div>",,,
39,"<div class=""strain-tile-footer"">Tangerine Haze</div>","<div class=""strain-tile-footer"">G13 Haze</div>","<div class=""strain-tile-footer"">NYC Diesel</div>",,,,
40,"<div class=""strain-tile-footer"">Tangerine Kush</div>","<div class=""strain-tile-footer"">Tangerine Haze</div>","<div class=""strain-tile-footer"">Rare Dankness #1</div>",,,,
41,"<div class=""strain-tile-footer"">Tangerine Man</div>",,,,,,
42,"<div class=""strain-tile-footer"">Tangerine Power</div>","<div class=""strain-tile-footer"">Agent Orange</div>","<div class=""strain-tile-footer"">Blue Power</div>",,,,
43,"<div class=""strain-tile-footer"">Tangerine Sunrise</div>",,,,,,
44,"<div class=""strain-tile-footer"">Tangerine Trainwreck Haze</div>","<div class=""strain-tile-footer"">Tangerine Haze</div>","<div class=""strain-tile-footer"">Nevil's Wreck</div>",,,,
45,"<div class=""strain-tile-footer"">Tangie</div>","<div class=""strain-tile-footer"">California Orange</div>",,,,,
46,"<div class=""strain-tile-footer"">Tangie Biscotti</div>",,,,,,
47,"<div class=""strain-tile-footer"">Tangie Cookies</div>",,,,,,
48,"<div class=""strain-tile-footer"">Tangie Dream</div>","<div class=""strain-tile-footer"">Blue Dream</div>","<div class=""strain-tile-footer"">Tangie</div>",,,,
49,"<div class=""strain-tile-footer"">Tangie Ghost Train</div>","<div class=""strain-tile-footer"">Tangie</div>","<div class=""strain-tile-footer"">Ghost Train Haze</div>",,,,
50,"<div class=""strain-tile-footer"">Tangie Sunrise</div>","<div class=""strain-tile-footer"">Jack Herer</div>","<div class=""strain-tile-footer"">Orange Crush</div>",,,,
51,"<div class=""strain-tile-footer"">Tangier Chilly</div>","<div class=""strain-tile-footer"">Tangie</div>","<div class=""strain-tile-footer"">Larry OG</div>",,,,
52,"<div class=""strain-tile-footer"">Tangilope</div>","<div class=""strain-tile-footer"">Tangie</div>","<div class=""strain-tile-footer"">Chocolope</div>",,,,
53,"<div class=""strain-tile-footer"">Tango Kush</div>","<div class=""strain-tile-footer"">Mango Kush</div>",,,,,
54,"<div class=""strain-tile-footer"">Tardis</div>","<div class=""strain-tile-footer"">Trainwreck</div>","<div class=""strain-tile-footer"">Oregon Diesel</div>",,,,
55,"<div class=""strain-tile-footer"">Tarmonster</div>","<div class=""strain-tile-footer"">GSC</div>","<div class=""strain-tile-footer"">Scooby Snacks</div>",,,,
56,"<div class=""strain-tile-footer"">Tembo Kush</div>","<div class=""strain-tile-footer"">Durban Poison</div>","<div class=""strain-tile-footer"">OG Kush</div>",,,,
57,"<div class=""strain-tile-footer"">Terminator OG</div>","<div class=""strain-tile-footer"">OG Kush</div>",,,,,
58,"<div class=""strain-tile-footer"">Tesla</div>","<div class=""strain-tile-footer"">Harle-Tsu</div>",,,,,
59,"<div class=""strain-tile-footer"">Tesla Tower</div>","<div class=""strain-tile-footer"">White Fire OG</div>","<div class=""strain-tile-footer"">Snowcap</div>",,,,
60,"<div class=""strain-tile-footer"">Thai</div>",,,,,,
61,"<div class=""strain-tile-footer"">Thai Fantasy</div>","<div class=""strain-tile-footer"">Thai</div>","<div class=""strain-tile-footer"">Black Domina</div>",,,,
62,"<div class=""strain-tile-footer"">Thai Girl</div>","<div class=""strain-tile-footer"">Tres Dawg</div>","<div class=""strain-tile-footer"">Thai</div>",,,,
63,"<div class=""strain-tile-footer"">Thai Haze</div>","<div class=""strain-tile-footer"">Thai</div>","<div class=""strain-tile-footer"">Haze</div>",,,,
64,"<div class=""strain-tile-footer"">Thai Lights</div>","<div class=""strain-tile-footer"">Northern Lights</div>","<div class=""strain-tile-footer"">Thai</div>",,,,
65,"<div class=""strain-tile-footer"">Thai-Tanic</div>","<div class=""strain-tile-footer"">Thai</div>","<div class=""strain-tile-footer"">Skunk No. 1</div>",,,,
66,"<div class=""strain-tile-footer"">Thaidal Wave</div>","<div class=""strain-tile-footer"">Thai</div>",,,,,
67,"<div class=""strain-tile-footer"">The Big Dirty</div>","<div class=""strain-tile-footer"">Girl Scout Cookies</div>","<div class=""strain-tile-footer"">Tangie</div>","<div class=""strain-tile-footer"">White Fire OG</div>",,,
68,"<div class=""strain-tile-footer"">The Black</div>",,,,,,
69,"<div class=""strain-tile-footer"">The Bling</div>","<div class=""strain-tile-footer"">Gelato</div>",,,,,
70,"<div class=""strain-tile-footer"">The Blintz</div>","<div class=""strain-tile-footer"">Cheese Quake</div>",,,,,
71,"<div class=""strain-tile-footer"">The Blood</div>","<div class=""strain-tile-footer"">Kona Gold</div>",,,,,
72,"<div class=""strain-tile-footer"">The Boss</div>",,,,,,
73,"<div class=""strain-tile-footer"">The Brotherhood</div>",,,,,,
74,"<div class=""strain-tile-footer"">The CBG Blend</div>","<div class=""strain-tile-footer"">Pink Lemonade</div>","<div class=""strain-tile-footer"">Black Cherry Soda</div>","<div class=""strain-tile-footer"">Original Glue</div>","<div class=""strain-tile-footer"">Ace of Spades</div>",,
75,"<div class=""strain-tile-footer"">The Cough</div>","<div class=""strain-tile-footer"">Northern Lights #5</div>","<div class=""strain-tile-footer"">Haze</div>",,,,
76,"<div class=""strain-tile-footer"">The Doctor</div>","<div class=""strain-tile-footer"">Great White Shark</div>","<div class=""strain-tile-footer"">Super Skunk</div>","<div class=""strain-tile-footer"">South Indian Indica</div>",,,
77,"<div class=""strain-tile-footer"">The Flav</div>","<div class=""strain-tile-footer"">Romulan</div>","<div class=""strain-tile-footer"">Space Queen</div>",,,,
78,"<div class=""strain-tile-footer"">The Forbidden Candy</div>",,,,,,
79,"<div class=""strain-tile-footer"">The Fork</div>",,,,,,
80,"<div class=""strain-tile-footer"">The Fuzz</div>","<div class=""strain-tile-footer"">Chemdog 91</div>","<div class=""strain-tile-footer"">Appalachia</div>",,,,
81,"<div class=""strain-tile-footer"">The Gift</div>","<div class=""strain-tile-footer"">Ringo's Gift</div>",,,,,
82,"<div class=""strain-tile-footer"">The Grunk</div>","<div class=""strain-tile-footer"">Grape Ape</div>","<div class=""strain-tile-footer"">Skunk #1</div>",,,,
83,"<div class=""strain-tile-footer"">The Guice</div>",,,,,,
84,"<div class=""strain-tile-footer"">The Doctor</div>","<div class=""strain-tile-footer"">Great White Shark</div>","<div class=""strain-tile-footer"">Super Skunk</div>","<div class=""strain-tile-footer"">South Indian Indica</div>",,,
85,"<div class=""strain-tile-footer"">The Flav</div>","<div class=""strain-tile-footer"">Romulan</div>","<div class=""strain-tile-footer"">Space Queen</div>",,,,
86,"<div class=""strain-tile-footer"">The Forbidden Candy</div>",,,,,,
87,"<div class=""strain-tile-footer"">The Fork</div>",,,,,,
88,"<div class=""strain-tile-footer"">The Fuzz</div>","<div class=""strain-tile-footer"">Chemdog 91</div>","<div class=""strain-tile-footer"">Appalachia</div>",,,,
89,"<div class=""strain-tile-footer"">The Gift</div>","<div class=""strain-tile-footer"">Ringo's Gift</div>",,,,,
90,"<div class=""strain-tile-footer"">The Grunk</div>","<div class=""strain-tile-footer"">Grape Ape</div>","<div class=""strain-tile-footer"">Skunk #1</div>",,,,
91,"<div class=""strain-tile-footer"">The Guice</div>",,,,,,
92,"<div class=""strain-tile-footer"">The Hog</div>","<div class=""strain-tile-footer"">North American Indica</div>",,,,,
93,"<div class=""strain-tile-footer"">The Lime</div>","<div class=""strain-tile-footer"">Cactus Cooler</div>","<div class=""strain-tile-footer"">The Original Lemonnade</div>",,,,
94,"<div class=""strain-tile-footer"">The Loops</div>","<div class=""strain-tile-footer"">Granddaddy Purple</div>","<div class=""strain-tile-footer"">OG Kush</div>",,,,
95,"<div class=""strain-tile-footer"">The OX</div>","<div class=""strain-tile-footer"">Bubba Kush</div>","<div class=""strain-tile-footer"">Blue Moonshine</div>",,,,
96,"<div class=""strain-tile-footer"">The One</div>",,,,,,
97,"<div class=""strain-tile-footer"">The Ooze</div>","<div class=""strain-tile-footer"">Green Crack</div>","<div class=""strain-tile-footer"">White Fire Alien OG</div>",,,,
98,"<div class=""strain-tile-footer"">The Original Lemonnade</div>",,,,,,
99,"<div class=""strain-tile-footer"">The Real McCoy</div>","<div class=""strain-tile-footer"">Hawaiian</div>","<div class=""strain-tile-footer"">Skunk No. 1</div>",,,,
100,"<div class=""strain-tile-footer"">The Sauce</div>","<div class=""strain-tile-footer"">Green Ribbon</div>","<div class=""strain-tile-footer"">Gorilla Glue #4</div>",,,,
101,"<div class=""strain-tile-footer"">The Sheriff</div>","<div class=""strain-tile-footer"">Chemdawg 91</div>","<div class=""strain-tile-footer"">SFV OG Kush</div>",,,,
102,"<div class=""strain-tile-footer"">The Sister</div>","<div class=""strain-tile-footer"">Nepalese</div>","<div class=""strain-tile-footer"">Thai</div>",,,,
103,"<div class=""strain-tile-footer"">The Third Dimension</div>","<div class=""strain-tile-footer"">Apollo 13</div>","<div class=""strain-tile-footer"">Jack's Cleaner</div>","<div class=""strain-tile-footer"">Space Queen</div>",,,
104,"<div class=""strain-tile-footer"">The Truth</div>","<div class=""strain-tile-footer"">Triangle Kush</div>","<div class=""strain-tile-footer"">Chemdawg</div>","<div class=""strain-tile-footer"">SFV OG</div>",,,
105,"<div class=""strain-tile-footer"">The Vision</div>","<div class=""strain-tile-footer"">Lemon G</div>","<div class=""strain-tile-footer"">Do-Si-Dos</div>",,,,
106,"<div class=""strain-tile-footer"">The Void</div>","<div class=""strain-tile-footer"">Apollo 13</div>","<div class=""strain-tile-footer"">Querkle</div>",,,,
107,,,,,,,
108,"<div class=""strain-tile-footer"">The White Angel</div>","<div class=""strain-tile-footer"">White Widow</div>","<div class=""strain-tile-footer"">SFV OG</div>",,,,
109,"<div class=""strain-tile-footer"">The Wife</div>",,,,,,
110,"<div class=""strain-tile-footer"">The Wills</div>","<div class=""strain-tile-footer"">Willy's Wonder</div>",,,,,
111,"<div class=""strain-tile-footer"">Thelonious Skunk</div>","<div class=""strain-tile-footer"">Island Sweet Skunk</div>","<div class=""strain-tile-footer"">Nina Limone</div>",,,,
112,,,,,,,
113,"<div class=""strain-tile-footer"">Think Different</div>",,,,,,
114,"<div class=""strain-tile-footer"">Thor's Hammer</div>","<div class=""strain-tile-footer"">Vortex</div>","<div class=""strain-tile-footer"">Cinderella 99</div>","<div class=""strain-tile-footer"">Acapulco Gold</div>",,,
115,"<div class=""strain-tile-footer"">Three Blue Kings</div>","<div class=""strain-tile-footer"">Blue Dream</div>","<div class=""strain-tile-footer"">Headband</div>","<div class=""strain-tile-footer"">Sour Diesel</div>","<div class=""strain-tile-footer"">OG Kush</div>",,
116,"<div class=""strain-tile-footer"">Throwback Kush</div>","<div class=""strain-tile-footer"">OG Kush</div>","<div class=""strain-tile-footer"">Green Ribbon</div>",,,,
117,"<div class=""strain-tile-footer"">Thunderbird Rose</div>","<div class=""strain-tile-footer"">Blue Dream</div>","<div class=""strain-tile-footer"">OG Kush</div>",,,,
118,"<div class=""strain-tile-footer"">Thunderstruck</div>","<div class=""strain-tile-footer"">ACDC</div>",,,,,
119,"<div class=""strain-tile-footer"">Tickle Kush</div>","<div class=""strain-tile-footer"">Chemdawg</div>","<div class=""strain-tile-footer"">LA Kush</div>",,,,
120,"<div class=""strain-tile-footer"">Tiger Woods</div>",,,,,,
121,"<div class=""strain-tile-footer"">Tiger's Milk</div>","<div class=""strain-tile-footer"">Bubba Kush</div>","<div class=""strain-tile-footer"">Appalachia</div>",,,,
122,"<div class=""strain-tile-footer"">Tigermelon</div>","<div class=""strain-tile-footer"">Chemdawg</div>","<div class=""strain-tile-footer"">Apollo 11</div>",,,,
123,"<div class=""strain-tile-footer"">Tillamook Strawberry</div>","<div class=""strain-tile-footer"">Bruce Banner</div>",,,,,
124,"<div class=""strain-tile-footer"">Timewreck</div>","<div class=""strain-tile-footer"">Vortex</div>","<div class=""strain-tile-footer"">Timewreck</div>","<div class=""strain-tile-footer"">Trinity</div>",,,
125,"<div class=""strain-tile-footer"">Tina</div>","<div class=""strain-tile-footer"">StarBud</div>",,,,,
126,"<div class=""strain-tile-footer"">Tina Danza</div>","<div class=""strain-tile-footer"">Triangle Kush</div>",,,,,
127,"<div class=""strain-tile-footer"">Titan's Haze</div>","<div class=""strain-tile-footer"">Haze</div>","<div class=""strain-tile-footer"">Skunk No. 1</div>",,,,
128,"<div class=""strain-tile-footer"">Tokyo OG</div>","<div class=""strain-tile-footer"">OG Kush</div>",,,,,
129,"<div class=""strain-tile-footer"">Tommy's Home Grown</div>",,,,,,
130,"<div class=""strain-tile-footer"">Tonics Web</div>","<div class=""strain-tile-footer"">Charlotte's Web</div>",,,,,
131,"<div class=""strain-tile-footer"">Tora Bora</div>","<div class=""strain-tile-footer"">LA Confidential</div>",,,,,
132,"<div class=""strain-tile-footer"">Toxic</div>",,,,,,
133,"<div class=""strain-tile-footer"">Toxic Punch</div>","<div class=""strain-tile-footer"">White Widow</div>","<div class=""strain-tile-footer"">Casey Jones</div>","<div class=""strain-tile-footer"">Blueberry</div>",,,
134,"<div class=""strain-tile-footer"">Training Day</div>","<div class=""strain-tile-footer"">Trainwreck</div>","<div class=""strain-tile-footer"">LA Confidential</div>",,,,
135,"<div class=""strain-tile-footer"">Trainwreck</div>","<div class=""strain-tile-footer"">Mexican</div>","<div class=""strain-tile-footer"">Thai</div>","<div class=""strain-tile-footer"">Afghani</div>",,,
136,"<div class=""strain-tile-footer"">Tranquil Elephantizer: Remix</div>","<div class=""strain-tile-footer"">Hash Plant</div>","<div class=""strain-tile-footer"">G13</div>",,,,
137,"<div class=""strain-tile-footer"">Transformer</div>",,,,,,
138,"<div class=""strain-tile-footer"">Trap Star</div>","<div class=""strain-tile-footer"">LA OG</div>",,,,,
139,"<div class=""strain-tile-footer"">Trash</div>","<div class=""strain-tile-footer"">Purple Trainwreck</div>","<div class=""strain-tile-footer"">Hash Plant</div>",,,,
140,"<div class=""strain-tile-footer"">Toxic</div>",,,,,,
141,"<div class=""strain-tile-footer"">Toxic Punch</div>","<div class=""strain-tile-footer"">White Widow</div>","<div class=""strain-tile-footer"">Casey Jones</div>","<div class=""strain-tile-footer"">Blueberry</div>",,,
142,"<div class=""strain-tile-footer"">Training Day</div>","<div class=""strain-tile-footer"">Trainwreck</div>","<div class=""strain-tile-footer"">LA Confidential</div>",,,,
143,"<div class=""strain-tile-footer"">Trainwreck</div>","<div class=""strain-tile-footer"">Mexican</div>","<div class=""strain-tile-footer"">Thai</div>","<div class=""strain-tile-footer"">Afghani</div>",,,
144,"<div class=""strain-tile-footer"">Tranquil Elephantizer: Remix</div>","<div class=""strain-tile-footer"">Hash Plant</div>","<div class=""strain-tile-footer"">G13</div>",,,,
145,"<div class=""strain-tile-footer"">Transformer</div>",,,,,,
146,"<div class=""strain-tile-footer"">Trap Star</div>","<div class=""strain-tile-footer"">LA OG</div>",,,,,
147,"<div class=""strain-tile-footer"">Trash</div>","<div class=""strain-tile-footer"">Purple Trainwreck</div>","<div class=""strain-tile-footer"">Hash Plant</div>",,,,
148,"<div class=""strain-tile-footer"">Travel Joint</div>","<div class=""strain-tile-footer"">Monster Cookies</div>","<div class=""strain-tile-footer"">Alien Kush</div>","<div class=""strain-tile-footer"">Stardawg</div>",,,
149,"<div class=""strain-tile-footer"">Treasure Island</div>","<div class=""strain-tile-footer"">Swiss Gold</div>","<div class=""strain-tile-footer"">ACDC</div>",,,,
150,"<div class=""strain-tile-footer"">Tree of Life</div>","<div class=""strain-tile-footer"">Trainwreck</div>","<div class=""strain-tile-footer"">Mendocino Purps</div>",,,,
151,"<div class=""strain-tile-footer"">Tres Dawg</div>","<div class=""strain-tile-footer"">Afghani</div>","<div class=""strain-tile-footer"">Chemdog</div>",,,,
152,"<div class=""strain-tile-footer"">Trewbacca</div>",,,,,,
153,"<div class=""strain-tile-footer"">Triangle Kush</div>",,,,,,
154,"<div class=""strain-tile-footer"">Trident</div>",,,,,,
155,"<div class=""strain-tile-footer"">Trifecta</div>","<div class=""strain-tile-footer"">Apollo 11</div>","<div class=""strain-tile-footer"">Apollo 13</div>","<div class=""strain-tile-footer"">Cinderella 99</div>",,,
156,"<div class=""strain-tile-footer"">Trinity</div>","<div class=""strain-tile-footer"">North American</div>",,,,,
157,"<div class=""strain-tile-footer"">Triple Cheese</div>","<div class=""strain-tile-footer"">Cheese</div>","<div class=""strain-tile-footer"">Blue Cheese</div>",,,,
158,"<div class=""strain-tile-footer"">Triple Diesel</div>","<div class=""strain-tile-footer"">Sour Diesel</div>","<div class=""strain-tile-footer"">Strawberry Diesel</div>","<div class=""strain-tile-footer"">NYC Diesel</div>",,,
159,"<div class=""strain-tile-footer"">Triple Scoop</div>","<div class=""strain-tile-footer"">Super Silver Haze</div>",,,,,
160,"<div class=""strain-tile-footer"">Trix</div>",,,,,,
161,"<div class=""strain-tile-footer"">Trophy Wife</div>","<div class=""strain-tile-footer"">The Wife</div>",,,,,
162,"<div class=""strain-tile-footer"">Tropic Thunder</div>","<div class=""strain-tile-footer"">Maui Wowie</div>",,,,,
163,"<div class=""strain-tile-footer"">Tropical Tang</div>",,,,,,
164,"<div class=""strain-tile-footer"">Tropicali</div>",,,,,,
165,"<div class=""strain-tile-footer"">Tropicana Cookies</div>","<div class=""strain-tile-footer"">Tangie</div>",,,,,
166,"<div class=""strain-tile-footer"">Tropicana Punch</div>",,,,,,
167,"<div class=""strain-tile-footer"">True Face</div>","<div class=""strain-tile-footer"">True OG</div>","<div class=""strain-tile-footer"">Face Off OG</div>",,,,
168,"<div class=""strain-tile-footer"">True Love</div>","<div class=""strain-tile-footer"">Juicy Fruit</div>",,,,,
169,"<div class=""strain-tile-footer"">True OG</div>","<div class=""strain-tile-footer"">OG Kush</div>",,,,,
170,"<div class=""strain-tile-footer"">True X</div>","<div class=""strain-tile-footer"">True OG</div>","<div class=""strain-tile-footer"">C4</div>",,,,
171,"<div class=""strain-tile-footer"">Trueberry</div>","<div class=""strain-tile-footer"">True OG</div>","<div class=""strain-tile-footer"">Strawberry Banana</div>","<div class=""strain-tile-footer"">Blackberry</div>",,,
172,"<div class=""strain-tile-footer"">Truffle Butter</div>","<div class=""strain-tile-footer"">Gelato</div>","<div class=""strain-tile-footer"">Chocolate Kush</div>",,,,
173,"<div class=""strain-tile-footer"">Truffula Tree</div>","<div class=""strain-tile-footer"">Cookie Monster</div>","<div class=""strain-tile-footer"">Kandy Kush</div>","<div class=""strain-tile-footer"">Humboldt</div>",,,
174,"<div class=""strain-tile-footer"">Truth Serum</div>","<div class=""strain-tile-footer"">G13</div>","<div class=""strain-tile-footer"">Trinity</div>","<div class=""strain-tile-footer"">Pineapple</div>",,,
175,"<div class=""strain-tile-footer"">Tuna Kush</div>","<div class=""strain-tile-footer"">Hindu Kush</div>",,,,,
176,"<div class=""strain-tile-footer"">Tuna OG</div>","<div class=""strain-tile-footer"">OG Kush</div>","<div class=""strain-tile-footer"">Black Tuna</div>",,,,
177,"<div class=""strain-tile-footer"">Turbo Mind Warp</div>",,,,,,
178,"<div class=""strain-tile-footer"">Tutankhamon</div>","<div class=""strain-tile-footer"">AK-47</div>",,,,,
179,"<div class=""strain-tile-footer"">Tutti Frutti</div>","<div class=""strain-tile-footer"">Blue Haze</div>","<div class=""strain-tile-footer"">Green Haze</div>","<div class=""strain-tile-footer"">Sour Diesel</div>","<div class=""strain-tile-footer"">Haze</div>","<div class=""strain-tile-footer"">Lowryder</div>","<div class=""strain-tile-footer"">Thai</div>"
180,"<div class=""strain-tile-footer"">Twista</div>",,,,,,
181,"<div class=""strain-tile-footer"">Twisted Citrus</div>",,,,,,
182,"<div class=""strain-tile-footer"">Two Beards</div>",,,,,,
183,"<div class=""strain-tile-footer"">Tyson</div>",,,,,,
184,"<div class=""strain-tile-footer"">U2 Kush</div>",,,,,,
185,"<div class=""strain-tile-footer"">UK Cheese</div>","<div class=""strain-tile-footer"">Skunk No. 1</div>",,,,,
186,"<div class=""strain-tile-footer"">UW</div>",,,,,,
187,"<div class=""strain-tile-footer"">Ultimate Trainwreck</div>",,,,,,
188,"<div class=""strain-tile-footer"">Ultra Banana</div>","<div class=""strain-tile-footer"">Banana Kush</div>","<div class=""strain-tile-footer"">MK Ultra</div>",,,,
189,"<div class=""strain-tile-footer"">Ultra Sonja</div>","<div class=""strain-tile-footer"">UK Cheese</div>",,,,,
190,"<div class=""strain-tile-footer"">Ultra Sour</div>","<div class=""strain-tile-footer"">MK Ultra</div>","<div class=""strain-tile-footer"">East Coast Sour Diesel</div>",,,,
191,"<div class=""strain-tile-footer"">UltraViolet OG</div>","<div class=""strain-tile-footer"">Face Off OG</div>","<div class=""strain-tile-footer"">North American Indica</div>",,,,
192,"<div class=""strain-tile-footer"">Urkle Train Haze</div>","<div class=""strain-tile-footer"">Ghost Train Haze</div>","<div class=""strain-tile-footer"">Purple Urkle</div>",,,,
193,"<div class=""strain-tile-footer"">VCDC</div>","<div class=""strain-tile-footer"">ACDC</div>",,,,,
194,"<div class=""strain-tile-footer"">VOTS AZ Super Sour OG</div>",,,,,,
195,"<div class=""strain-tile-footer"">Vader OG</div>","<div class=""strain-tile-footer"">SFV OG</div>","<div class=""strain-tile-footer"">Larry OG</div>",,,,
196,"<div class=""strain-tile-footer"">Ultra Banana</div>","<div class=""strain-tile-footer"">Banana Kush</div>","<div class=""strain-tile-footer"">MK Ultra</div>",,,,
197,"<div class=""strain-tile-footer"">Ultra Sonja</div>","<div class=""strain-tile-footer"">UK Cheese</div>",,,,,
198,"<div class=""strain-tile-footer"">Ultra Sour</div>","<div class=""strain-tile-footer"">MK Ultra</div>","<div class=""strain-tile-footer"">East Coast Sour Diesel</div>",,,,
199,"<div class=""strain-tile-footer"">UltraViolet OG</div>","<div class=""strain-tile-footer"">Face Off OG</div>","<div class=""strain-tile-footer"">North American Indica</div>",,,,
200,"<div class=""strain-tile-footer"">Urkle Train Haze</div>","<div class=""strain-tile-footer"">Ghost Train Haze</div>","<div class=""strain-tile-footer"">Purple Urkle</div>",,,,
201,"<div class=""strain-tile-footer"">VCDC</div>","<div class=""strain-tile-footer"">ACDC</div>",,,,,
202,"<div class=""strain-tile-footer"">VOTS AZ Super Sour OG</div>",,,,,,
203,"<div class=""strain-tile-footer"">Vader OG</div>","<div class=""strain-tile-footer"">SFV OG</div>","<div class=""strain-tile-footer"">Larry OG</div>",,,,
204,"<div class=""strain-tile-footer"">Valentine X</div>","<div class=""strain-tile-footer"">ACDC</div>",,,,,
205,"<div class=""strain-tile-footer"">Valley Ghash</div>","<div class=""strain-tile-footer"">G13</div>","<div class=""strain-tile-footer"">Hash Plant</div>","<div class=""strain-tile-footer"">SFV OG Kush</div>","<div class=""strain-tile-footer"">Jack's Cleaner</div>",,
206,"<div class=""strain-tile-footer"">Valley Girl</div>","<div class=""strain-tile-footer"">SFV OG</div>","<div class=""strain-tile-footer"">Face Off OG</div>",,,,
207,"<div class=""strain-tile-footer"">Vanilla Frosting</div>",,,,,,
208,"<div class=""strain-tile-footer"">Vanilla Gorilla</div>","<div class=""strain-tile-footer"">Grease Monkey</div>","<div class=""strain-tile-footer"">Cookies and Cream</div>",,,,
209,"<div class=""strain-tile-footer"">Vanilla Kush</div>","<div class=""strain-tile-footer"">Afghani</div>","<div class=""strain-tile-footer"">South Asian Indica</div>",,,,
210,"<div class=""strain-tile-footer"">Vanilluna</div>","<div class=""strain-tile-footer"">Blueberry</div>",,,,,
211,"<div class=""strain-tile-footer"">Velvet Bud</div>","<div class=""strain-tile-footer"">Dutch Treat</div>","<div class=""strain-tile-footer"">Blueberry</div>",,,,
212,"<div class=""strain-tile-footer"">Velvet Krush</div>","<div class=""strain-tile-footer"">Blue Moonshine</div>",,,,,
213,"<div class=""strain-tile-footer"">Velvet Purps</div>",,,,,,
214,"<div class=""strain-tile-footer"">Venice OG</div>",,,,,,
215,"<div class=""strain-tile-footer"">Venom OG</div>",,,,,,
216,"<div class=""strain-tile-footer"">Venus OG</div>",,,,,,
217,"<div class=""strain-tile-footer"">Verde Electric</div>",,,,,,
218,"<div class=""strain-tile-footer"">Versace</div>","<div class=""strain-tile-footer"">Sour Diesel</div>","<div class=""strain-tile-footer"">OG Kush</div>","<div class=""strain-tile-footer"">Granddaddy Purple</div>",,,
219,"<div class=""strain-tile-footer"">Very Berry Haze</div>",,,,,,
220,"<div class=""strain-tile-footer"">Very Cherry</div>","<div class=""strain-tile-footer"">Lemon Kush</div>",,,,,
221,"<div class=""strain-tile-footer"">Vietnamese Bubba</div>","<div class=""strain-tile-footer"">Pre-98 Bubba Kush</div>",,,,,
222,"<div class=""strain-tile-footer"">Violator Kush</div>","<div class=""strain-tile-footer"">Hindu Kush</div>",,,,,
223,"<div class=""strain-tile-footer"">Violet Delight</div>","<div class=""strain-tile-footer"">Green Crack</div>","<div class=""strain-tile-footer"">Blueberry</div>","<div class=""strain-tile-footer"">Shishkaberry</div>",,,
224,"<div class=""strain-tile-footer"">Violeta</div>","<div class=""strain-tile-footer"">Pakistani Chitral Kush</div>",,,,,
225,"<div class=""strain-tile-footer"">Viper</div>","<div class=""strain-tile-footer"">South Asian</div>","<div class=""strain-tile-footer"">Mexican</div>",,,,
226,"<div class=""strain-tile-footer"">Vixen</div>","<div class=""strain-tile-footer"">Dark Side of the Moon</div>",,,,,
227,"<div class=""strain-tile-footer"">Voodoo</div>","<div class=""strain-tile-footer"">Thai</div>",,,,,
228,"<div class=""strain-tile-footer"">Vortex</div>","<div class=""strain-tile-footer"">Apollo 13</div>","<div class=""strain-tile-footer"">Space Queen</div>",,,,
229,"<div class=""strain-tile-footer"">WMD</div>","<div class=""strain-tile-footer"">Big Bud</div>","<div class=""strain-tile-footer"">Fucking Incredible</div>",,,,
230,"<div class=""strain-tile-footer"">WSU</div>","<div class=""strain-tile-footer"">Chemo</div>",,,,,
231,"<div class=""strain-tile-footer"">WTF</div>","<div class=""strain-tile-footer"">Harlequin</div>","<div class=""strain-tile-footer"">Sour Tsunami</div>","<div class=""strain-tile-footer"">Cannatonic</div>",,,
232,"<div class=""strain-tile-footer"">Wabanaki</div>",,,,,,
233,"<div class=""strain-tile-footer"">Waipi'o Hapa</div>","<div class=""strain-tile-footer"">Hawaiian</div>",,,,,
234,"<div class=""strain-tile-footer"">Wakanda OG</div>","<div class=""strain-tile-footer"">Original Glue</div>","<div class=""strain-tile-footer"">OG Kush</div>","<div class=""strain-tile-footer"">GSC</div>",,,
235,"<div class=""strain-tile-footer"">Waldo</div>",,,,,,
236,"<div class=""strain-tile-footer"">Walker Kush</div>","<div class=""strain-tile-footer"">Albert Walker</div>","<div class=""strain-tile-footer"">Rare Dankness #1</div>",,,,
237,"<div class=""strain-tile-footer"">Wally OG</div>","<div class=""strain-tile-footer"">Ghost OG</div>","<div class=""strain-tile-footer"">Phantom OG</div>",,,,
238,"<div class=""strain-tile-footer"">Walrus Kush</div>",,,,,,
239,"<div class=""strain-tile-footer"">Walter White</div>","<div class=""strain-tile-footer"">The White</div>",,,,,
240,"<div class=""strain-tile-footer"">Wappa</div>",,,,,,
241,"<div class=""strain-tile-footer"">Warlock</div>","<div class=""strain-tile-footer"">Skunk No. 1</div>","<div class=""strain-tile-footer"">Afghani</div>",,,,
242,"<div class=""strain-tile-footer"">Washing Machine</div>","<div class=""strain-tile-footer"">Exodus Cheese</div>","<div class=""strain-tile-footer"">Bubba Kush</div>",,,,
243,"<div class=""strain-tile-footer"">Watermelon</div>",,,,,,
244,"<div class=""strain-tile-footer"">Webster</div>",,,,,,
245,"<div class=""strain-tile-footer"">Wedding Cake</div>","<div class=""strain-tile-footer"">Girl Scout Cookies</div>","<div class=""strain-tile-footer"">Cherry Pie</div>",,,,
246,"<div class=""strain-tile-footer"">Wedding Crasher</div>",,,,,,
247,"<div class=""strain-tile-footer"">Weebe’s World</div>","<div class=""strain-tile-footer"">Black Domina</div>","<div class=""strain-tile-footer"">Gelato</div>",,,,
248,"<div class=""strain-tile-footer"">Wellness OG</div>","<div class=""strain-tile-footer"">OG Kush</div>",,,,,
249,"<div class=""strain-tile-footer"">Wembley</div>","<div class=""strain-tile-footer"">AK-47</div>","<div class=""strain-tile-footer"">Bubble Gum</div>",,,,
250,"<div class=""strain-tile-footer"">West Coast Dawg</div>","<div class=""strain-tile-footer"">Chemdawg</div>",,,,,
251,"<div class=""strain-tile-footer"">West OG</div>","<div class=""strain-tile-footer"">Chemdawg</div>","<div class=""strain-tile-footer"">Humboldt</div>",,,,
252,"<div class=""strain-tile-footer"">Webster</div>",,,,,,
253,"<div class=""strain-tile-footer"">Wedding Cake</div>","<div class=""strain-tile-footer"">Girl Scout Cookies</div>","<div class=""strain-tile-footer"">Cherry Pie</div>",,,,
254,"<div class=""strain-tile-footer"">Wedding Crasher</div>",,,,,,
255,"<div class=""strain-tile-footer"">Weebe’s World</div>","<div class=""strain-tile-footer"">Black Domina</div>","<div class=""strain-tile-footer"">Gelato</div>",,,,
256,"<div class=""strain-tile-footer"">Wellness OG</div>","<div class=""strain-tile-footer"">OG Kush</div>",,,,,
257,"<div class=""strain-tile-footer"">Wembley</div>","<div class=""strain-tile-footer"">AK-47</div>","<div class=""strain-tile-footer"">Bubble Gum</div>",,,,
258,"<div class=""strain-tile-footer"">West Coast Dawg</div>","<div class=""strain-tile-footer"">Chemdawg</div>",,,,,
259,"<div class=""strain-tile-footer"">West OG</div>","<div class=""strain-tile-footer"">Chemdawg</div>","<div class=""strain-tile-footer"">Humboldt</div>",,,,
260,"<div class=""strain-tile-footer"">Wet Dream</div>","<div class=""strain-tile-footer"">Blue Dream</div>","<div class=""strain-tile-footer"">Haze</div>",,,,
261,"<div class=""strain-tile-footer"">Where's My Bike</div>","<div class=""strain-tile-footer"">Amnesia</div>","<div class=""strain-tile-footer"">Biker Kush</div>",,,,
262,"<div class=""strain-tile-footer"">Whipped Cherries</div>",,,,,,
263,"<div class=""strain-tile-footer"">Whitaker Blues</div>","<div class=""strain-tile-footer"">Blueberry</div>",,,,,
264,"<div class=""strain-tile-footer"">White 99</div>","<div class=""strain-tile-footer"">Cinderella 99</div>","<div class=""strain-tile-footer"">The White</div>",,,,
265,"<div class=""strain-tile-footer"">White Bastard</div>","<div class=""strain-tile-footer"">DJ Short Blueberry</div>","<div class=""strain-tile-footer"">God Bud</div>",,,,
266,"<div class=""strain-tile-footer"">White Berry</div>","<div class=""strain-tile-footer"">Blueberry</div>","<div class=""strain-tile-footer"">White Widow</div>",,,,
267,"<div class=""strain-tile-footer"">White Bubblegum</div>","<div class=""strain-tile-footer"">Snow White</div>","<div class=""strain-tile-footer"">Bubble Gum</div>",,,,
268,"<div class=""strain-tile-footer"">White Buffalo</div>","<div class=""strain-tile-footer"">Romulan</div>","<div class=""strain-tile-footer"">Blackberry Kush</div>","<div class=""strain-tile-footer"">Bay 11</div>",,,
269,"<div class=""strain-tile-footer"">White Caramel Cookie</div>","<div class=""strain-tile-footer"">Girl Scout Cookies</div>","<div class=""strain-tile-footer"">White Widow</div>","<div class=""strain-tile-footer"">Purple Urkle</div>","<div class=""strain-tile-footer"">Caramella</div>",,
270,"<div class=""strain-tile-footer"">White Castle</div>","<div class=""strain-tile-footer"">White Widow</div>","<div class=""strain-tile-footer"">Ice</div>",,,,
271,"<div class=""strain-tile-footer"">White Cheese</div>","<div class=""strain-tile-footer"">Super Skunk</div>","<div class=""strain-tile-footer"">Afghani</div>",,,,
272,"<div class=""strain-tile-footer"">White Cherry Truffle</div>","<div class=""strain-tile-footer"">Chemdog</div>",,,,,
273,"<div class=""strain-tile-footer"">White Choco</div>","<div class=""strain-tile-footer"">White Russian</div>","<div class=""strain-tile-footer"">Chocolope</div>",,,,
274,"<div class=""strain-tile-footer"">White Chocolate</div>","<div class=""strain-tile-footer"">Chocolope</div>",,,,,
275,"<div class=""strain-tile-footer"">White Cookies</div>","<div class=""strain-tile-footer"">White Widow</div>","<div class=""strain-tile-footer"">Girl Scout Cookies</div>",,,,
276,"<div class=""strain-tile-footer"">White Dawg</div>","<div class=""strain-tile-footer"">Chemdog</div>","<div class=""strain-tile-footer"">White Fire OG</div>",,,,
277,"<div class=""strain-tile-footer"">White Dawg Fire OG</div>","<div class=""strain-tile-footer"">White Dawg</div>","<div class=""strain-tile-footer"">Fire OG</div>",,,,
278,"<div class=""strain-tile-footer"">White Diesel</div>","<div class=""strain-tile-footer"">White Widow</div>","<div class=""strain-tile-footer"">NYC Diesel</div>",,,,
279,"<div class=""strain-tile-footer"">White Domina</div>","<div class=""strain-tile-footer"">Black Domina</div>",,,,,
280,"<div class=""strain-tile-footer"">White Dragon</div>","<div class=""strain-tile-footer"">Northern Lights</div>","<div class=""strain-tile-footer"">Afghani</div>",,,,
281,"<div class=""strain-tile-footer"">White Dream</div>","<div class=""strain-tile-footer"">Blue Dream</div>","<div class=""strain-tile-footer"">White Widow</div>",,,,
282,"<div class=""strain-tile-footer"">White Durban</div>","<div class=""strain-tile-footer"">White Fire OG</div>","<div class=""strain-tile-footer"">Durban Poison</div>",,,,
283,"<div class=""strain-tile-footer"">White Elephant</div>","<div class=""strain-tile-footer"">White Widow</div>","<div class=""strain-tile-footer"">Purple Elephant</div>",,,,
284,"<div class=""strain-tile-footer"">White Empress</div>","<div class=""strain-tile-footer"">White Widow</div>","<div class=""strain-tile-footer"">Cinderella 99</div>",,,,
285,"<div class=""strain-tile-footer"">White Fire 43</div>","<div class=""strain-tile-footer"">White Fire OG</div>",,,,,
286,"<div class=""strain-tile-footer"">White Fire Alien OG</div>","<div class=""strain-tile-footer"">The White</div>","<div class=""strain-tile-footer"">Fire Alien Kush</div>",,,,
287,,,,,,,
288,"<div class=""strain-tile-footer"">White Girl</div>","<div class=""strain-tile-footer"">Berry White</div>","<div class=""strain-tile-footer"">Girl Scout Cookies</div>",,,,
289,"<div class=""strain-tile-footer"">White Gold</div>","<div class=""strain-tile-footer"">White Widow</div>","<div class=""strain-tile-footer"">Himalayan Gold</div>",,,,
290,"<div class=""strain-tile-footer"">White Gorilla</div>","<div class=""strain-tile-footer"">Gorilla Glue #4</div>","<div class=""strain-tile-footer"">White Fire Alien OG</div>",,,,
291,"<div class=""strain-tile-footer"">White Harmony</div>","<div class=""strain-tile-footer"">Durban Poison</div>","<div class=""strain-tile-footer"">White Widow</div>",,,,
292,"<div class=""strain-tile-footer"">White Haze</div>","<div class=""strain-tile-footer"">Haze</div>",,,,,
293,"<div class=""strain-tile-footer"">White Ice</div>","<div class=""strain-tile-footer"">Northern Lights</div>","<div class=""strain-tile-footer"">Afghani</div>",,,,
294,"<div class=""strain-tile-footer"">White Knight</div>",,,,,,
295,"<div class=""strain-tile-footer"">White Kryptonite</div>","<div class=""strain-tile-footer"">White Widow</div>","<div class=""strain-tile-footer"">Kryptonite</div>",,,,
296,"<div class=""strain-tile-footer"">White Kush</div>","<div class=""strain-tile-footer"">Afghani</div>","<div class=""strain-tile-footer"">White Widow</div>",,,,
297,"<div class=""strain-tile-footer"">White LSD</div>","<div class=""strain-tile-footer"">LSD</div>",,,,,
298,"<div class=""strain-tile-footer"">White Lavender</div>","<div class=""strain-tile-footer"">White Widow</div>","<div class=""strain-tile-footer"">Lavender</div>",,,,
299,"<div class=""strain-tile-footer"">White Lemon</div>","<div class=""strain-tile-footer"">Super Lemon Haze</div>","<div class=""strain-tile-footer"">El Niño</div>",,,,
300,"<div class=""strain-tile-footer"">White Lightning</div>","<div class=""strain-tile-footer"">White Widow</div>","<div class=""strain-tile-footer"">Northern Lights #5</div>",,,,
301,"<div class=""strain-tile-footer"">White Lotus</div>","<div class=""strain-tile-footer"">The White</div>","<div class=""strain-tile-footer"">Snow Lotus</div>",,,,
302,"<div class=""strain-tile-footer"">White Master</div>",,,,,,
303,"<div class=""strain-tile-footer"">White Moonshine</div>","<div class=""strain-tile-footer"">The White</div>","<div class=""strain-tile-footer"">Blue Moonshine</div>",,,,
304,"<div class=""strain-tile-footer"">White Nightmare</div>","<div class=""strain-tile-footer"">Blue Dream</div>",,,,,
305,"<div class=""strain-tile-footer"">White OG</div>","<div class=""strain-tile-footer"">The White</div>","<div class=""strain-tile-footer"">SFV OG Kush</div>",,,,
306,"<div class=""strain-tile-footer"">White Queen</div>","<div class=""strain-tile-footer"">White Widow</div>",,,,,
307,"<div class=""strain-tile-footer"">White Rhino</div>","<div class=""strain-tile-footer"">White Widow</div>","<div class=""strain-tile-footer"">North American Indica</div>",,,,
308,"<div class=""strain-tile-footer"">White Lightning</div>","<div class=""strain-tile-footer"">White Widow</div>","<div class=""strain-tile-footer"">Northern Lights #5</div>",,,,
309,"<div class=""strain-tile-footer"">White Lotus</div>","<div class=""strain-tile-footer"">The White</div>","<div class=""strain-tile-footer"">Snow Lotus</div>",,,,
310,"<div class=""strain-tile-footer"">White Master</div>",,,,,,
311,"<div class=""strain-tile-footer"">White Moonshine</div>","<div class=""strain-tile-footer"">The White</div>","<div class=""strain-tile-footer"">Blue Moonshine</div>",,,,
312,"<div class=""strain-tile-footer"">White Nightmare</div>","<div class=""strain-tile-footer"">Blue Dream</div>",,,,,
313,"<div class=""strain-tile-footer"">White OG</div>","<div class=""strain-tile-footer"">The White</div>","<div class=""strain-tile-footer"">SFV OG Kush</div>",,,,
314,"<div class=""strain-tile-footer"">White Queen</div>","<div class=""strain-tile-footer"">White Widow</div>",,,,,
315,"<div class=""strain-tile-footer"">White Rhino</div>","<div class=""strain-tile-footer"">White Widow</div>","<div class=""strain-tile-footer"">North American Indica</div>",,,,
316,"<div class=""strain-tile-footer"">White Romulan</div>","<div class=""strain-tile-footer"">Romulan</div>","<div class=""strain-tile-footer"">The White</div>",,,,
317,"<div class=""strain-tile-footer"">White Russian</div>","<div class=""strain-tile-footer"">White Widow</div>","<div class=""strain-tile-footer"">AK-47</div>",,,,
318,"<div class=""strain-tile-footer"">White Ryder</div>","<div class=""strain-tile-footer"">Lowryder</div>",,,,,
319,"<div class=""strain-tile-footer"">White Sangria</div>","<div class=""strain-tile-footer"">Tahoe Hydro OG</div>",,,,,
320,"<div class=""strain-tile-footer"">White Siberian</div>","<div class=""strain-tile-footer"">White Widow</div>","<div class=""strain-tile-footer"">AK-47</div>",,,,
321,"<div class=""strain-tile-footer"">White Skunk</div>","<div class=""strain-tile-footer"">Skunk No. 1</div>",,,,,
322,"<div class=""strain-tile-footer"">White Slipper</div>","<div class=""strain-tile-footer"">The White</div>","<div class=""strain-tile-footer"">Glass Slipper</div>",,,,
323,"<div class=""strain-tile-footer"">White Smurf</div>","<div class=""strain-tile-footer"">Northern Lights</div>","<div class=""strain-tile-footer"">Skunk No. 1</div>",,,,
324,"<div class=""strain-tile-footer"">White Strawberry</div>","<div class=""strain-tile-footer"">The White</div>","<div class=""strain-tile-footer"">Strawberry Cough</div>",,,,
325,"<div class=""strain-tile-footer"">White Strawberry Skunk</div>",,,,,,
326,,,,,,,
327,"<div class=""strain-tile-footer"">White Tahoe Cookies</div>","<div class=""strain-tile-footer"">The White</div>","<div class=""strain-tile-footer"">Tahoe OG Kush</div>","<div class=""strain-tile-footer"">GSC</div>",,,
328,"<div class=""strain-tile-footer"">White Tygh Dream</div>",,,,,,
329,"<div class=""strain-tile-footer"">White Urkle</div>","<div class=""strain-tile-footer"">The White</div>","<div class=""strain-tile-footer"">Purple Urkle</div>",,,,
330,"<div class=""strain-tile-footer"">White Walker Kush</div>","<div class=""strain-tile-footer"">White Widow</div>","<div class=""strain-tile-footer"">Mazar x Blueberry</div>",,,,
331,"<div class=""strain-tile-footer"">White Walrus</div>","<div class=""strain-tile-footer"">Trainwreck</div>","<div class=""strain-tile-footer"">Jack the Ripper</div>","<div class=""strain-tile-footer"">Trinity</div>",,,
332,"<div class=""strain-tile-footer"">White Widow</div>","<div class=""strain-tile-footer"">South American</div>","<div class=""strain-tile-footer"">South Indian Indica</div>",,,,
333,"<div class=""strain-tile-footer"">White Zombie</div>",,,,,,
334,"<div class=""strain-tile-footer"">Whiteout</div>","<div class=""strain-tile-footer"">Super Silver Haze</div>","<div class=""strain-tile-footer"">The White</div>",,,,
335,"<div class=""strain-tile-footer"">Whitewalker OG</div>","<div class=""strain-tile-footer"">SFV OG Kush</div>",,,,,
336,"<div class=""strain-tile-footer"">Wild Thailand</div>",,,,,,
337,"<div class=""strain-tile-footer"">Willie Berrie</div>","<div class=""strain-tile-footer"">Willy's Wonder</div>",,,,,
338,"<div class=""strain-tile-footer"">Willie Cheesie</div>","<div class=""strain-tile-footer"">Willy's Wonder</div>",,,,,
339,"<div class=""strain-tile-footer"">Willie Nelson</div>","<div class=""strain-tile-footer"">Nepalese</div>","<div class=""strain-tile-footer"">South Asian Sativa</div>",,,,
340,"<div class=""strain-tile-footer"">Willie’s Ghost</div>","<div class=""strain-tile-footer"">Willy's Wonder</div>",,,,,
341,"<div class=""strain-tile-footer"">Willy G’s Lebanese</div>",,,,,,
342,"<div class=""strain-tile-footer"">Willy Wonka</div>",,,,,,
343,"<div class=""strain-tile-footer"">Willy's Wonder</div>","<div class=""strain-tile-footer"">Afghani</div>",,,,,
344,"<div class=""strain-tile-footer"">Wish Mountain</div>","<div class=""strain-tile-footer"">Appalachia</div>",,,,,
345,"<div class=""strain-tile-footer"">Wolfberry</div>",,,,,,
346,"<div class=""strain-tile-footer"">Wonder Haze</div>",,,,,,
347,"<div class=""strain-tile-footer"">Wonder Kid</div>","<div class=""strain-tile-footer"">Chemdawg 91</div>","<div class=""strain-tile-footer"">Pre-98 Bubba Kush</div>","<div class=""strain-tile-footer"">Buffalo Bill</div>","<div class=""strain-tile-footer"">The White</div>",,
348,"<div class=""strain-tile-footer"">Wonder Woman</div>",,,,,,
349,"<div class=""strain-tile-footer"">Wonder Woman OG</div>",,,,,,
350,"<div class=""strain-tile-footer"">Wonka's Bubblicious</div>","<div class=""strain-tile-footer"">Pandora's Box</div>","<div class=""strain-tile-footer"">Querkle</div>",,,,
351,"<div class=""strain-tile-footer"">Woody Kush</div>",,,,,,
352,"<div class=""strain-tile-footer"">Wookie</div>","<div class=""strain-tile-footer"">Lavender</div>","<div class=""strain-tile-footer"">Appalachia</div>",,,,
353,"<div class=""strain-tile-footer"">Wookies</div>","<div class=""strain-tile-footer"">The White</div>","<div class=""strain-tile-footer"">Chemdawg 91</div>","<div class=""strain-tile-footer"">Girl Scout Cookies</div>",,,
354,"<div class=""strain-tile-footer"">Wreckage</div>","<div class=""strain-tile-footer"">SAGE</div>","<div class=""strain-tile-footer"">Trainwreck</div>",,,,
355,"<div class=""strain-tile-footer"">X-File</div>",,,,,,
356,"<div class=""strain-tile-footer"">X-Files</div>","<div class=""strain-tile-footer"">Sour Diesel</div>",,,,,
357,"<div class=""strain-tile-footer"">X-Wing</div>","<div class=""strain-tile-footer"">Skywalker OG</div>",,,,,
358,"<div class=""strain-tile-footer"">X-tra Chz</div>","<div class=""strain-tile-footer"">Cheese</div>",,,,,
359,"<div class=""strain-tile-footer"">X18 Pure Pakistani</div>",,,,,,
360,"<div class=""strain-tile-footer"">XJ-13</div>","<div class=""strain-tile-footer"">Jack Herer</div>","<div class=""strain-tile-footer"">G13 Haze</div>",,,,
361,"<div class=""strain-tile-footer"">XXX 420</div>",,,,,,
362,"<div class=""strain-tile-footer"">XXX OG</div>",,,,,,
363,"<div class=""strain-tile-footer"">Xanadu</div>","<div class=""strain-tile-footer"">South Asian</div>","<div class=""strain-tile-footer"">Cinderella 99</div>","<div class=""strain-tile-footer"">Durban Poison</div>","<div class=""strain-tile-footer"">Thai</div>",,
364,"<div class=""strain-tile-footer"">X-Files</div>","<div class=""strain-tile-footer"">Sour Diesel</div>",,,,,
365,"<div class=""strain-tile-footer"">X-Wing</div>","<div class=""strain-tile-footer"">Skywalker OG</div>",,,,,
366,"<div class=""strain-tile-footer"">X-tra Chz</div>","<div class=""strain-tile-footer"">Cheese</div>",,,,,
367,"<div class=""strain-tile-footer"">X18 Pure Pakistani</div>",,,,,,
368,"<div class=""strain-tile-footer"">XJ-13</div>","<div class=""strain-tile-footer"">Jack Herer</div>","<div class=""strain-tile-footer"">G13 Haze</div>",,,,
369,"<div class=""strain-tile-footer"">XXX 420</div>",,,,,,
370,"<div class=""strain-tile-footer"">XXX OG</div>",,,,,,
371,"<div class=""strain-tile-footer"">Xanadu</div>","<div class=""strain-tile-footer"">South Asian</div>","<div class=""strain-tile-footer"">Cinderella 99</div>","<div class=""strain-tile-footer"">Durban Poison</div>","<div class=""strain-tile-footer"">Thai</div>",,
372,"<div class=""strain-tile-footer"">Y Griega</div>","<div class=""strain-tile-footer"">Amnesia Haze</div>","<div class=""strain-tile-footer"">Kali Mist</div>",,,,
373,"<div class=""strain-tile-footer"">YEM OG</div>","<div class=""strain-tile-footer"">Ghost OG</div>","<div class=""strain-tile-footer"">Phishhead Kush</div>",,,,
374,"<div class=""strain-tile-footer"">Yeti OG</div>","<div class=""strain-tile-footer"">OG Kush</div>","<div class=""strain-tile-footer"">Sour Diesel</div>",,,,
375,"<div class=""strain-tile-footer"">Yoda OG</div>","<div class=""strain-tile-footer"">OG Kush</div>",,,,,
376,"<div class=""strain-tile-footer"">Yoda's Brain</div>","<div class=""strain-tile-footer"">Hindu Kush</div>","<div class=""strain-tile-footer"">Skywalker</div>",,,,
377,"<div class=""strain-tile-footer"">Yogi Diesel</div>","<div class=""strain-tile-footer"">Sour Diesel</div>","<div class=""strain-tile-footer"">Northern Lights #5</div>",,,,
378,"<div class=""strain-tile-footer"">Yolo Berry</div>","<div class=""strain-tile-footer"">Granddaddy Purple</div>","<div class=""strain-tile-footer"">OG Kush</div>","<div class=""strain-tile-footer"">Gelato</div>",,,
379,"<div class=""strain-tile-footer"">Yumboldt</div>",,,,,,
380,"<div class=""strain-tile-footer"">Yummy</div>","<div class=""strain-tile-footer"">White Dawg</div>",,,,,
381,"<div class=""strain-tile-footer"">Zamaldelica</div>",,,,,,
382,"<div class=""strain-tile-footer"">Zardde Gold</div>",,,,,,
383,"<div class=""strain-tile-footer"">ZeitGeist</div>","<div class=""strain-tile-footer"">Sour Amnesia</div>","<div class=""strain-tile-footer"">Purple Pantera</div>",,,,
384,"<div class=""strain-tile-footer"">Zelda</div>","<div class=""strain-tile-footer"">Legend OG</div>",,,,,
385,"<div class=""strain-tile-footer"">Zelly’s Gift</div>","<div class=""strain-tile-footer"">Afgoo</div>","<div class=""strain-tile-footer"">Purple Thai</div>","<div class=""strain-tile-footer"">Super Lemon Haze</div>","<div class=""strain-tile-footer"">God Bud</div>","<div class=""strain-tile-footer"">Jack Herer</div>",
386,"<div class=""strain-tile-footer"">Zen</div>",,,,,,
387,"<div class=""strain-tile-footer"">Zerculese</div>","<div class=""strain-tile-footer"">Zkittlez</div>",,,,,
388,"<div class=""strain-tile-footer"">Zeta Sage</div>","<div class=""strain-tile-footer"">OG Kush</div>","<div class=""strain-tile-footer"">SAGE</div>",,,,
389,"<div class=""strain-tile-footer"">Zeus OG</div>","<div class=""strain-tile-footer"">Deadhead OG</div>",,,,,
390,"<div class=""strain-tile-footer"">Zkittlez</div>","<div class=""strain-tile-footer"">Grape Ape</div>","<div class=""strain-tile-footer"">Grapefruit</div>",,,,
391,"<div class=""strain-tile-footer"">Zombie Kush</div>","<div class=""strain-tile-footer"">Lavender</div>","<div class=""strain-tile-footer"">Amnesia</div>","<div class=""strain-tile-footer"">Bubba Kush</div>",,,
392,"<div class=""strain-tile-footer"">Zombie OG</div>",,,,,,
393,"<div class=""strain-tile-footer"">Zoom Pie</div>","<div class=""strain-tile-footer"">Cherry Pie</div>",,,,,
394,"<div class=""strain-tile-footer"">hai Fantasy</div>",,,,,,
395,,,,,,,
396,,,,,,,
397,,,,,,,
398,"<div class=""strain-tile-footer"">ʻAlenuihāhā</div>","<div class=""strain-tile-footer"">Kona Gold</div>","<div class=""strain-tile-footer"">Maui Wowie</div>",,,,
399,,,,,,,
