,Unnamed: 0,strain,review_total
0,0,100-og,508.0
1,1,98-white-widow,10.0
2,2,1024,49.0
3,3,12-year-og,2.0
4,4,13-dawgs,11.0
5,5,22,9.0
6,6,24k-gold,219.0
7,7,3-bears-og,7.0
8,8,100-og,508.0
9,9,98-white-widow,10.0
10,10,1024,49.0
11,11,12-year-og,2.0
12,12,13-dawgs,11.0
13,13,22,9.0
14,14,24k-gold,219.0
15,15,3-bears-og,7.0
16,16,3-kings,324.0
17,17,303-og,82.0
18,18,3d-cbd,20.0
19,19,3x-crazy,132.0
20,20,3rd-coast-panama-chunk,
21,21,501st-og,106.0
22,22,541-kush,1.0
23,23,5th-element,55.0
24,24,707-headband,372.0
25,25,707-truthband,1.0
26,26,8-ball-kush,57.0
27,27,818-og,31.0
28,28,831-og,8.0
29,29,840,
30,30,9-pound-hammer,730.0
31,31,91-krypt,13.0
32,32,92-og,1.0
33,33,999,3.0
34,34,a-10,163.0
35,35,a-dub,64.0
36,36,a-train,79.0
37,37,acdc,719.0
38,38,ak-47,2698.0
39,39,ak-48,192.0
40,40,ak-49,5.0
41,41,aberdeen,8.0
42,42,abusive-og,148.0
43,43,acapulco-gold,598.0
44,44,ace-killer-og,38.0
45,45,ace-of-spades,321.0
46,46,aceh,38.0
47,47,acid,34.0
48,48,acid-dough,7.0
49,49,afcrack,11.0
50,50,afghan-big-bud,26.0
51,51,afghan-cow,9.0
52,52,afghan-diesel,43.0
53,53,afghan-hawaiian,12.0
54,54,afghan-haze,57.0
55,55,afghan-kush,1132.0
56,56,afghan-skunk,55.0
57,57,afghan-sour-kush,17.0
58,58,afghan-widow,9.0
59,59,afghani,528.0
60,60,afgahni-bullrider,111.0
61,61,afghani-cbd,50.0
62,62,afghani-krush,1.0
63,63,afghanica,
64,64,afghan-skunk,55.0
65,65,afghan-sour-kush,17.0
66,66,afghan-widow,9.0
67,67,afghani,528.0
68,68,afgahni-bullrider,111.0
69,69,afghani-cbd,50.0
70,70,afghani-krush,1.0
71,71,afghanica,
72,72,afghanimal,
73,73,afgooey,357.0
74,74,afgoo,622.0
75,75,afgooey,357.0
76,76,afkansastan,5.0
77,77,afpak,7.0
78,78,african,39.0
79,79,afrikaner,2.0
80,80,afrodite,4.0
81,81,afternoon-delight,26.0
82,82,afwreck,120.0
83,83,agape,2.0
84,84,agent-orange,1090.0
85,85,agent-tangie,17.0
86,86,agharta,
87,87,air-jordan-og,
88,88,als-dream,
89,89,alaska,70.0
90,90,alaska-thunder-grape,3.0
91,91,alaskan-ice,84.0
92,92,alaskan-thunder-fuck,1920.0
93,93,albert-walker,69.0
94,94,alchemy,12.0
95,95,alf,
96,96,alice-in-wonderland,107.0
97,97,alien-abduction,16.0
98,98,alien-apparition,
99,99,alien-asshat,37.0
100,100,alien-breath,7.0
101,101,alien-bubba,81.0
102,102,alien-dawg,205.0
103,103,alien-dutchess,37.0
104,104,alien-hallucination,42.0
105,105,alien-inferno,22.0
106,106,alien-kush,130.0
107,107,alien-og,932.0
108,108,alien-reunion,
109,109,alien-rift,41.0
110,110,alien-rock-candy,181.0
111,111,alien-sour-apple,21.0
112,112,alien-stardawg,9.0
113,113,alien-technology,14.0
114,114,alien-walker,161.0
115,115,aliens-on-moonshine,28.0
116,116,alion,1.0
117,117,allen-iverson-og,2.0
118,118,allen-wrench,175.0
119,119,alley-cat-kush,1.0
120,120,alien-stardawg,9.0
121,121,alien-technology,14.0
122,122,alien-walker,161.0
123,123,aliens-on-moonshine,28.0
124,124,alion,1.0
125,125,allen-iverson-og,2.0
126,126,allen-wrench,175.0
127,127,alley-cat-kush,1.0
128,128,allkush,6.0
129,129,aloha,46.0
130,130,aloha-grape-stomper,3.0
131,131,aloha-limone,12.0
132,132,alohaberry,27.0
133,133,alpha-blue,105.0
134,134,alpha-cow,
135,135,alpha-express,6.0
136,136,alpha-og,46.0
137,137,alpine-blue,9.0
138,138,alpine-star,23.0
139,139,altoyd,1.0
140,140,ambrosia,85.0
141,141,ambrosia,
142,142,american-beauty,
143,143,american-dream,17.0
144,144,american-kush,
145,145,american-pie,5.0
146,146,americano,
147,147,amethyst,
148,148,amethyst-bud,22.0
149,149,amherst-sour-diesel,5.0
150,150,amnesi-k-lemon,5.0
151,151,amnesia,652.0
152,152,amnesia-ganja-haze,4.0
153,153,amnesia-haze,1345.0
154,154,amnesia-og,7.0
155,155,ancient-kush,
156,156,ancient-og,78.0
157,157,anesthesia,48.0
158,158,angel-og,24.0
159,159,angelica,
160,160,animal-blues,9.0
161,161,animal-blues,
162,162,animal-gas,4.0
163,163,animal-mint,4.0
164,164,animal-sherbert,1.0
165,165,anonymous-og,13.0
166,166,anubis,7.0
167,167,ape-shit,7.0
168,168,apollo-11,67.0
169,169,apollo-13,147.0
170,170,apollo-13-haze,1.0
171,171,apollo-haze,4.0
172,172,appalachia,25.0
173,173,appalachian-power,6.0
174,174,apple-jack,69.0
175,175,apple-kush,45.0
176,176,apollo-11,67.0
177,177,apollo-13,147.0
178,178,apollo-13-haze,1.0
179,179,apollo-haze,4.0
180,180,appalachia,25.0
181,181,appalachian-power,6.0
182,182,apple-jack,69.0
183,183,apple-kush,45.0
184,184,appleberry,11.0
185,185,apricot-jelly,
186,186,arabian-gold,11.0
187,187,arctic-sun,
188,188,arcticblue,21.0
189,189,area-51,41.0
190,190,argvana-heat,
191,191,argyle,29.0
192,192,arjans-strawberry-haze,115.0
193,193,arjans-ultra-haze-1,13.0
194,194,armageddon,43.0
195,195,armagnac,
196,196,ash,
197,197,asian-fantasy,52.0
198,198,aspen-og,8.0
199,199,astral-works,3.0
200,200,astroboy,30.0
201,201,athabasca,5.0
202,202,atmosphere,18.0
203,203,atomic,9.0
204,204,atomic-bomb,
205,205,atomic-goat,
206,206,atomic-northern-lights,108.0
207,207,atomical-haze,24.0
208,208,aurora-borealis,35.0
209,209,aurora-indica,95.0
210,210,avalon,
211,211,avi,6.0
212,212,avi-dekel,42.0
213,213,ayahuasca-purple,45.0
214,214,aymi,
215,215,azure-haze,
216,216,b-52,49.0
217,217,b-witched,14.0
218,218,b-witched,14.0
219,219,bb-king,16.0
220,220,b4,16.0
221,221,bc-big-bud,74.0
222,222,bc-roadkill,31.0
223,223,bc-sweet-tooth,
224,224,bh,
225,225,bog-bubble,
226,226,bsc,49.0
227,227,bad-azz-kush,2.0
228,228,bakerstreet,25.0
229,229,balmoral,25.0
230,230,banana-bread,9.0
231,231,banana-candy,25.0
232,232,bh,
233,233,bog-bubble,
234,234,bsc,49.0
235,235,bad-azz-kush,2.0
236,236,bakerstreet,25.0
237,237,balmoral,25.0
238,238,banana-bread,9.0
239,239,banana-candy,25.0
240,240,banana-cream-og,22.0
241,241,banana-diesel,81.0
242,242,banana-hammock-r1,18.0
243,243,banana-kush,995.0
244,244,banana-mango,
245,245,banana-og,431.0
246,246,banana-peel,
247,247,banana-punch-9,1.0
248,248,banana-split,58.0
249,249,bananas,28.0
250,250,bandana,
251,251,bangi-haze,4.0
252,252,bango,6.0
253,253,banjo,19.0
254,254,barbara-bud,37.0
255,255,batgirl,
256,256,batman-og,15.0
257,257,bay-11,100.0
258,258,bay-dream,100.0
259,259,bay-lotus,
260,260,bay-platinum-cookies,
261,261,bazooka-joe-g,2.0
262,262,bear-dance,31.0
263,263,beast-mode-20,18.0
264,264,beast-mode-og,38.0
265,265,beckwourth-bud,1.0
266,266,bedford-glue,5.0
267,267,bedica,16.0
268,268,bediol,14.0
269,269,bell-ringer,6.0
270,270,belladonna,28.0
271,271,berkeley,21.0
272,272,bermuda-sour,
273,273,berries--crme,3.0
274,274,berry-bomb,63.0
275,275,berry-larry,6.0
276,276,berry-noir,
277,277,berry-og,64.0
278,278,berry-white,1039.0
279,279,berts-cookie-dough,2.0
280,280,bertberry-cheesecake,13.0
281,281,best-friend-og,
282,282,bettie-page,36.0
283,283,bianca,8.0
284,284,biddy-early,
285,285,big-band,10.0
286,286,big-bang,75.0
287,287,big-bomb,2.0
288,288,bertberry-cheesecake,13.0
289,289,best-friend-og,
290,290,bettie-page,36.0
291,291,bianca,8.0
292,292,biddy-early,
293,293,big-band,10.0
294,294,big-bang,75.0
295,295,big-bomb,2.0
296,296,big-bud,303.0
297,297,big-budda-cheese,268.0
298,298,big-bull,3.0
299,299,big-holy-nina,
300,300,big-kush,12.0
301,301,big-mac,3.0
302,302,big-skunk-korean,3.0
303,303,big-sky-og,18.0
304,304,big-smooth,47.0
305,305,big-sur-holy-bud,30.0
306,306,big-tooth,
307,307,big-white,25.0
308,308,big-wreck,
309,309,biker-kush,14.0
310,310,biker-leblanc,
311,311,bingo-pajamas,1.0
312,312,bio-diesel,217.0
313,313,bio-jesus,147.0
314,314,biochem,35.0
315,315,biohazard,6.0
316,316,birds-eye,5.0
317,317,birds-of-paradise,10.0
318,318,birthday-cake-kush,298.0
319,319,black-84,
320,320,black-afghan,36.0
321,321,black-betty,82.0
322,322,black-bubba,27.0
323,323,black-cheese,
324,324,black-cherry-cheesecake,64.0
325,325,black-cherry-og,86.0
326,326,black-cherry-pie,24.0
327,327,black-cherry-soda,361.0
328,328,black-dog,33.0
329,329,black-dhalia,50.0
330,330,black-diamond,325.0
331,331,black-diesel,69.0
332,332,black-domina,291.0
333,333,black-haze,42.0
334,334,black-ice,71.0
335,335,black-jack,383.0
336,336,black-label,3.0
337,337,black-label-kush,
338,338,black-lime-special-reserve,118.0
339,339,black-lotus,4.0
340,340,black-magic,2.0
341,341,black-magic-kush,16.0
342,342,black-mamba,175.0
343,343,black-out,2.0
344,344,black-label,3.0
345,345,black-label-kush,
346,346,black-lime-special-reserve,118.0
347,347,black-lotus,4.0
348,348,black-magic,2.0
349,349,black-magic-kush,16.0
350,350,black-mamba,175.0
351,351,black-out,2.0
352,352,black-raspberry,9.0
353,353,black-roses,9.0
354,354,black-russian,76.0
355,355,black-triangle,7.0
356,356,black-tuna,170.0
357,357,black-velvet,22.0
358,358,black-widow,308.0
359,359,blackberry,549.0
360,360,blackberry-bubble,
361,361,blackberry-chem-og,18.0
362,362,blackberry-cobbler,
363,363,blackberry-cream,36.0
364,364,blackberry-diesel,18.0
365,365,blackberry-dream,17.0
366,366,blackberry-fire,18.0
367,367,blackberry-hashplant,27.0
368,368,blackberry-haze,28.0
369,369,blackberry-kush,1810.0
370,370,blackberry-lime-haze,32.0
371,371,blackberry-pie,14.0
372,372,blackberry-rhino,30.0
373,373,blackberry-snow-cone,4.0
374,374,blackberry-trainwreck,27.0
375,375,blackberry-x-blueberry,32.0
376,376,blackwater,542.0
377,377,blaze,14.0
378,378,blessings-og,
379,379,bleugenius,1.0
380,380,blissful-wizard,85.0
381,381,blizzard-bush,1.0
382,382,blob-og,12.0
383,383,blockhead,72.0
384,384,bloos-kloos,20.0
385,385,blood-orange-kush,25.0
386,386,bloodhound,17.0
387,387,bloodwalker,11.0
388,388,blowfish,38.0
389,389,blucifer,16.0
390,390,blue-afghani,45.0
391,391,blue-alien,74.0
392,392,blue-bastard,30.0
393,393,blue-bayou,6.0
394,394,blue-blood,22.0
395,395,blue-boy,53.0
396,396,blue-buddha,8.0
397,397,blue-champange,64.0
398,398,blue-cheese,2492.0
399,399,blue-cinex,12.0
400,400,blue-bastard,30.0
401,401,blue-bayou,6.0
402,402,blue-blood,22.0
403,403,blue-boy,53.0
404,404,blue-buddha,8.0
405,405,blue-champange,64.0
406,406,blue-cheese,2492.0
407,407,blue-cinex,12.0
408,408,blue-cookies,458.0
409,409,blue-crack,148.0
410,410,blue-diamond,130.0
411,411,blue-diesel,561.0
412,412,blue-dot,47.0
413,413,blue-dragon,240.0
414,414,blue-dream,12706.0
415,415,blue-dream-cbd,7.0
416,416,blue-dynamite,52.0
417,417,blue-fire,4.0
418,418,blue-frost,123.0
419,419,blue-galaxy,10.0
420,420,blue-god,147.0
421,421,blue-goo,113.0
422,422,blue-hash,50.0
423,423,blue-hawaiian,175.0
424,424,blue-haze,257.0
425,425,blue-heron,13.0
426,426,blue-iguana,9.0
427,427,blue-ivy,
428,428,blue-j,3.0
429,429,blue-jay-way,7.0
430,430,blue-kiss,
431,431,blue-knight,97.0
432,432,blue-kripple,
433,433,blue-kush,99.0
434,434,blue-lights,65.0
435,435,blue-magic,40.0
436,436,blue-magoo,369.0
437,437,blue-monster,24.0
438,438,blue-moon-rocks,106.0
439,439,blue-moonshine,91.0
440,440,blue-mountain-fire,10.0
441,441,blue-mystic,149.0
442,442,blue-nightmare,47.0
443,443,blue-nina,11.0
444,444,blue-og,150.0
445,445,blue-og-sherbert,2.0
446,446,blue-ox,
447,447,blue-persuasion,
448,448,blue-power,56.0
449,449,blue-raspberry-snow-cone,7.0
450,450,blue-rhino,124.0
451,451,blue-satellite,52.0
452,452,blue-sherbert,14.0
453,453,blue-sky,38.0
454,454,blue-steel,22.0
455,455,blue-tara,
456,456,blue-power,56.0
457,457,blue-raspberry-snow-cone,7.0
458,458,blue-rhino,124.0
459,459,blue-satellite,52.0
460,460,blue-sherbert,14.0
461,461,blue-sky,38.0
462,462,blue-steel,22.0
463,463,blue-tara,
464,464,blue-thai,13.0
465,465,blue-train,68.0
466,466,blue-trane,
467,467,blue-treat,8.0
468,468,blue-velvet,25.0
469,469,blue-venom,75.0
470,470,blue-widow,386.0
471,471,blue-wolf,9.0
472,472,blue-wonder,2.0
473,473,blue-wreck,36.0
474,474,blue-zkittlez,67.0
475,475,blue-zombie,17.0
476,476,blueberry,2074.0
477,477,blueberry-ak,27.0
478,478,blueberry-blast,26.0
479,479,blueberry-bomb,10.0
480,480,blueberry-bomb,
481,481,blueberry-bomb,
482,482,blueberry-diesel,318.0
483,483,blueberry-dream,48.0
484,484,blueberry-essence,21.0
485,485,blueberry-hashplant,2.0
486,486,blueberry-haze,304.0
487,487,blueberry-headband,394.0
488,488,blueberry-jack,62.0
489,489,blueberry-kush,969.0
490,490,blueberry-lambsbread,16.0
491,491,blueberry-muffins,116.0
492,492,blueberry-og,52.0
493,493,blueberry-pancakes,42.0
494,494,blueberry-pie,69.0
495,495,blueberry-silvertip,59.0
496,496,blueberry-skunk,113.0
497,497,blueberry-space-cake,46.0
498,498,blue-train,68.0
499,499,blueberry-triple-og,4.0
500,500,blueberry-waltz,7.0
501,501,blueberry-yum-yum,115.0
502,502,blues,35.0
503,503,blukashima,
504,504,bluniverse,19.0
505,505,blurple,37.0
506,506,blush,
507,507,bob-saget,16.0
508,508,bodega-bubblegum,2.0
509,509,bog-blue-kush,1.0
510,510,bog-sour-grape,1.0
511,511,bogart,
512,512,bluniverse,19.0
513,513,blurple,37.0
514,514,blush,
515,515,bob-saget,16.0
516,516,bodega-bubblegum,2.0
517,517,bog-blue-kush,1.0
518,518,bog-sour-grape,1.0
519,519,bogart,
520,520,boggle-gum,24.0
521,521,bogglegum,
522,522,bona-dea,2.0
523,523,bonkers,1.0
524,524,booger,47.0
525,525,boombaye,2.0
526,526,bootlegger,5.0
527,527,bootylicious,7.0
528,528,bordello,84.0
529,529,boss-hogg,65.0
530,530,boss-og,55.0
531,531,boysenberry,22.0
532,532,brain-candy,2.0
533,533,brains-damage,21.0
534,534,brainstorm-haze,44.0
535,535,brainwreck,15.0
536,536,brand-x,63.0
537,537,brandywine,26.0
538,538,brazil-amazonia,7.0
539,539,brian-berry-black-currant,
540,540,brian-berry-citrus-blend,1.0
541,541,brian-berry-cough,35.0
542,542,brian-berry-honey-lemon,
543,543,bright-fire,
544,544,bright-moments,5.0
545,545,broke-diesel,
546,546,bronze-whaler,
547,547,brooklyn-mango,
548,548,bruce-banner,1061.0
549,549,bruce-banner-3,306.0
550,550,bubba-berry,11.0
551,551,bubba-cheese-auto,1.0
552,552,bubba-doja,6.0
553,553,bubba-fresh,1.0
554,554,bubba-hash,
555,555,bubba-kush,3197.0
556,556,bubba-kush-20,2.0
557,557,bubba-og,292.0
558,558,bubba-tom-hayes,
559,559,bubba-x-skunk,6.0
560,560,bubbas-bitch,3.0
561,561,bubbas-gift,65.0
562,562,bubble-bomb,2.0
563,563,bubble-cheese,20.0
564,564,bubble-gum,1015.0
565,565,bubbleberry,164.0
566,566,bubblegum-kush,342.0
567,567,bubblegun,25.0
568,568,bubbas-bitch,3.0
569,569,bubbas-gift,65.0
570,570,bubble-bomb,2.0
571,571,bubble-cheese,20.0
572,572,bubble-gum,1015.0
573,573,bubbleberry,164.0
574,574,bubblegum-kush,342.0
575,575,bubblegun,25.0
576,576,bubblicious,64.0
577,577,buckeye-purple,23.0
578,578,buddha-haze,38.0
579,579,buddha-tahoe,100.0
580,580,buddhas-hand,17.0
581,581,buddhas-sister,147.0
582,582,buddhas-tooth,1.0
583,583,buffalo-bill,
584,584,bugatti-og,48.0
585,585,burkle,47.0
586,586,burmese-kush,162.0
587,587,burnt-cookies,4.0
588,588,butter-og,27.0
589,589,butterscotch,23.0
590,590,buzz-bomb,
591,591,c13-haze,15.0
592,592,c3,2.0
593,593,c3po,18.0
594,594,c4,91.0
595,595,cbd-blue-shark,22.0
596,596,cbd-critical-cure,118.0
597,597,cbd-critical-mass,49.0
598,598,cbd-kush,51.0
599,599,cbd-lilly,6.0
600,600,cbd-lilly,
601,601,cbd-og,5.0
602,602,cbd-ox,4.0
603,603,cbd-rich-blessing,1.0
604,604,cbd-shark,92.0
605,605,chr-super-og,12.0
606,606,csg,3.0
607,607,cabbage-patch,22.0
608,608,caboose,
609,609,cackleberry,11.0
610,610,cactus,107.0
611,611,cactus-cooler,18.0
612,612,cadillac-cookies,4.0
613,613,cadillac-purple,144.0
614,614,cali-dragon,5.0
615,615,cali-gold,62.0
616,616,cali-jack,8.0
617,617,cali-kush,227.0
618,618,california-grapefruit,13.0
619,619,california-hash-plant,9.0
620,620,california-limes,2.0
621,621,california-love-og,7.0
622,622,california-orange,331.0
623,623,california-sour,
624,624,cali-jack,8.0
625,625,cali-kush,227.0
626,626,california-grapefruit,13.0
627,627,california-hash-plant,9.0
628,628,california-limes,2.0
629,629,california-love-og,7.0
630,630,california-orange,331.0
631,631,california-sour,
632,632,california-sour-diesel,2.0
633,633,calyx-og,
634,634,cambodian,13.0
635,635,cambodian-haze,8.0
636,636,candy-apple,7.0
637,637,candy-cane,48.0
638,638,candy-jack,246.0
639,639,candyland,954.0
640,640,candyland,
641,641,candyland,
642,642,canna-tsu,170.0
643,643,canna-wreck,3.0
644,644,cannasutra,11.0
645,645,cannadential,56.0
646,646,cannalope-haze,226.0
647,647,cannalope-kush,140.0
648,648,cannatonic,786.0
649,649,capers,
650,650,capleton,4.0
651,651,captain-america-og,22.0
652,652,captains-cake,72.0
653,653,caramel-cake,
654,654,caramel-candy-kush,65.0
655,655,caramel-kona-coffee-cookies,2.0
656,656,caramel-kona-coffee-kush,8.0
657,657,caramelicious,72.0
658,658,caramella,7.0
659,659,caramelo,26.0
660,660,carl-sagan,28.0
661,661,carmel-cough,1.0
662,662,carnival,10.0
663,663,carpet-tape,5.0
664,664,cascadia-kush,
665,665,casey-jones,432.0
666,666,cashus-clay,5.0
667,667,casper-og,13.0
668,668,cat-piss,294.0
669,669,cataract-kush,172.0
670,670,catfish,25.0
671,671,cello-sweet-og,
672,672,central-american,
673,673,cerebro-haze,5.0
674,674,chairman-chem-sou,5.0
675,675,champagne-diesel,4.0
676,676,champagne-kush,163.0
677,677,charlie-sheen,160.0
678,678,charlottes-web,252.0
679,679,cheese,1499.0
680,680,central-american,
681,681,cerebro-haze,5.0
682,682,chairman-chem-sou,5.0
683,683,champagne-diesel,4.0
684,684,champagne-kush,163.0
685,685,charlie-sheen,160.0
686,686,charlottes-web,252.0
687,687,cheese,1499.0
688,688,cheese-candy,61.0
689,689,cheese-candy,
690,690,cheeseburger,10.0
691,691,cheesewreck,65.0
692,692,chef-kush,2.0
693,693,chem-berry-diesel,1.0
694,694,chem-beyond-diesel-cbd,
695,695,chem-crush,
696,696,chem-dog,27.0
697,697,chem-jack,3.0
698,698,chem-jong-ill,3.0
699,699,chem-kesey,
700,700,chem-scout,49.0
701,701,chem-valley-kush,85.0
702,702,chems-sister,18.0
703,703,chemwreck,25.0
704,704,chemdawg-sour-diesel,99.0
705,705,chemdawg,2081.0
706,706,chemdawg-4-x-alien-og-kush,27.0
707,707,chemdawg-4,326.0
708,708,chemdawg-91,170.0
709,709,chemmy-jones,86.0
710,710,chemnesia,9.0
711,711,chemo,231.0
712,712,cherwillie,3.0
713,713,chernobyl,761.0
714,714,cherries-jubilee,17.0
715,715,cherry-ak-47,267.0
716,716,cherry-bomb,171.0
717,717,cherry-cookies,42.0
718,718,cherry-cream-pie,30.0
719,719,cherry-diesel,149.0
720,720,cherry-durban-poison,19.0
721,721,cherry-fire,3.0
722,722,cherry-fuel,1.0
723,723,cherry-grapefruit,4.0
724,724,cherry-kola,60.0
725,725,cherry-kush,330.0
726,726,cherry-limeade,44.0
727,727,cherry-mender,4.0
728,728,cherry-og,142.0
729,729,cherry-pie,1734.0
730,730,cherry-pie-kush,19.0
731,731,cherry-sauce,2.0
732,732,cherry-sherbet,32.0
733,733,cherry-skunk,70.0
734,734,cherry-slyder,
735,735,cherry-thunder-fuck,33.0
736,736,cherry-og,142.0
737,737,cherry-pie,1734.0
738,738,cherry-pie-kush,19.0
739,739,cherry-sauce,2.0
740,740,cherry-sherbet,32.0
741,741,cherry-skunk,70.0
742,742,cherry-slyder,
743,743,cherry-thunder-fuck,33.0
744,744,cherry-vanilla-cookies,4.0
745,745,cherry-wine,10.0
746,746,chicle,4.0
747,747,chiesel,220.0
748,748,china-yunnan,9.0
749,749,chiquita-banana,40.0
750,750,chloe,34.0
751,751,chocoholic,
752,752,chocolate-cheesecake,2.0
753,753,chocolate-chunk,193.0
754,754,chocolate-diesel,55.0
755,755,chocolate-drop,2.0
756,756,chocolate-fondue,48.0
757,757,chocolate-glue,10.0
758,758,chocolate-hashberry,98.0
759,759,chocolate-kush,72.0
760,760,chocolate-lava,1.0
761,761,chocolate-meringue,
762,762,chocolate-mint-og,12.0
763,763,chocolate-og,24.0
764,764,chocolate-rain,4.0
765,765,chocolate-sap,
766,766,chocolate-skunk,5.0
767,767,chocolate-thai,112.0
768,768,chocolate-thunder,11.0
769,769,chocolate-tonic,1.0
770,770,chocolony,1.0
771,771,chocolony,
772,772,chocolope-kush,137.0
773,773,chong-star,25.0
774,774,chronic,173.0
775,775,chronic-thunder,81.0
776,776,chuck-og,4.0
777,777,chuckys-bride,7.0
778,778,chunky-diesel,52.0
779,779,chupacabra,23.0
780,780,church-og,114.0
781,781,cinderella-99,1017.0
782,782,cinderellas-dream,100.0
783,783,cindy-haze,
784,784,cindy-white,52.0
785,785,cinex,880.0
786,786,cirrus,
787,787,citradelic-sunset,5.0
788,788,citral-glue,15.0
789,789,citral-skunk,5.0
790,790,citrix,85.0
791,791,citrus-kush,76.0
792,792,cindy-white,52.0
793,793,cinex,880.0
794,794,cirrus,
795,795,citradelic-sunset,5.0
796,796,citral-glue,15.0
797,797,citral-skunk,5.0
798,798,citrix,85.0
799,799,citrus-kush,76.0
800,800,citrus-punch,23.0
801,801,citrus-rush,4.0
802,802,citrus-sap,126.0
803,803,citrus-sunshine-haze,29.0
804,804,city-of-god,2.0
805,805,clementine,304.0
806,806,clementine-kush,25.0
807,807,clementines-terpentine,2.0
808,808,clockwork-orange,3.0
809,809,cloud-9,52.0
810,810,cloudcap,3.0
811,811,club-69,
812,812,cluster-bomb,11.0
813,813,cluster-funk,1.0
814,814,cobbler,1.0
815,815,cobra-lips,1.0
816,816,cocoa-kush,
817,817,coconut-oil,6.0
818,818,cold-creek-kush,70.0
819,819,colin-og-s1,2.0
820,820,collie-man-kush,
821,821,colombian-gold,161.0
822,822,colombian-mojito,14.0
823,823,colorado-bubba,10.0
824,824,colorado-chem,26.0
825,825,colorado-chem-rbx3,
826,826,colorado-clementines,11.0
827,827,comfortably-dumb,1.0
828,828,commerce-city-kush,23.0
829,829,concord-cream,1.0
830,830,concord-grape-blockhead,
831,831,confidential-cheese,137.0
832,832,confidential-cookies,
833,833,confidential-wreck,
834,834,congo,17.0
835,835,connie-chung,72.0
836,836,conspiracy-kush,143.0
837,837,cookie-breath,18.0
838,838,cookie-dough,59.0
839,839,cookie-jar,15.0
840,840,cookie-monster,150.0
841,841,cookie-puss,7.0
842,842,cookie-wreck,108.0
843,843,cookie-wreck,
844,844,cookie-wreck,
845,845,cookies-and-dream,49.0
846,846,copper-kush,9.0
847,847,corleone-kush,114.0
848,848,cookie-monster,150.0
849,849,cookie-puss,7.0
850,850,cookie-wreck,108.0
851,851,cookie-wreck,
852,852,cookie-wreck,
853,853,cookies-and-dream,49.0
854,854,copper-kush,9.0
855,855,corleone-kush,114.0
856,856,corleone-kush---the-don-cut,5.0
857,857,cornbread,127.0
858,858,cosmic-collision,14.0
859,859,cotton-candy-kush,825.0
860,860,cotton-purple-chem,
861,861,cougar-milk,1.0
862,862,cowboy-kush,25.0
863,863,coyote-art,1.0
864,864,cracker-jack,99.0
865,865,crater-lake,31.0
866,866,crazy-miss-hyde,
867,867,cream-caramel,98.0
868,868,crimea-blue,28.0
869,869,critical-47,20.0
870,870,critical-bilbo,73.0
871,871,critical-cheese,50.0
872,872,critical-haze,77.0
873,873,critical-hog,64.0
874,874,critical-jack,159.0
875,875,critical-kali-mist,17.0
876,876,critical-kush,628.0
877,877,critical-mass,777.0
878,878,critical-plus,169.0
879,879,critical-plus-20,17.0
880,880,critical-sensi-star,95.0
881,881,critical-skunk,15.0
882,882,critical-widow,34.0
883,883,critters-cookies,5.0
884,884,crocketts-haze,5.0
885,885,cronuts,13.0
886,886,crosswalker,9.0
887,887,crouching-tiger-hidden-alien,19.0
888,888,crown-og,46.0
889,889,crown-royale,30.0
890,890,crumbled-lime,2.0
891,891,crunch-berry-kush,43.0
892,892,crypt,19.0
893,893,crystal-coma,120.0
894,894,crystal-gayle,7.0
895,895,crystalberry,5.0
896,896,cuvee,50.0
897,897,cypress-og,4.0
898,898,dj-andy-williams,
899,899,dj-short-blueberry,272.0
900,900,dj-smoke,3.0
901,901,dagwood,
902,902,dairy-queen,186.0
903,903,dakini-kush,21.0
904,904,cuvee,50.0
905,905,cypress-og,4.0
906,906,dj-andy-williams,
907,907,dj-short-blueberry,272.0
908,908,dj-smoke,3.0
909,909,dagwood,
910,910,dairy-queen,186.0
911,911,dakini-kush,21.0
912,912,damn-sour,
913,913,damnesia,12.0
914,914,dance-world,34.0
915,915,dancehall,50.0
916,916,dank-schrader,38.0
917,917,dank-sinatra,11.0
918,918,double-d,43.0
919,919,dark-blue-dream,61.0
920,920,dark-shadow-haze,4.0
921,921,dark-side-of-the-moon,56.0
922,922,dark-star,253.0
923,923,darkside-og,12.0
924,924,darth-vader-og,161.0
925,925,dawgs-waltz,50.0
926,926,dawgfather-og,9.0
927,927,day-tripper,22.0
928,928,daywalker,1.0
929,929,dedutch,
930,930,deadhead-og,504.0
931,931,deadlights,9.0
932,932,deadwood,9.0
933,933,death-bubba,320.0
934,934,death-by-cake-og,3.0
935,935,death-star,1269.0
936,936,deathstar-og,194.0
937,937,dedoverde-haze,1.0
938,938,deep-breath,
939,939,deep-cheese,
940,940,deep-chunk,14.0
941,941,deep-purple,84.0
942,942,deep-sleep,66.0
943,943,delahaze,94.0
944,944,denver-maple,16.0
945,945,destar-bx,1.0
946,946,desert-diesel,2.0
947,947,desert-star,
948,948,designer-og,1.0
949,949,destroyer,9.0
950,950,devil-fruit,22.0
951,951,devils-tit,15.0
952,952,diabla,
953,953,diablo,301.0
954,954,diamond-og,373.0
955,955,diamond-socks,3.0
956,956,diamond-valley-kush,8.0
957,957,diesel-dough,13.0
958,958,diesel-duff,
959,959,diesel-glue,3.0
960,960,diabla,
961,961,diablo,301.0
962,962,diamond-og,373.0
963,963,diamond-socks,3.0
964,964,diamond-valley-kush,8.0
965,965,diesel-dough,13.0
966,966,diesel-duff,
967,967,diesel-glue,3.0
968,968,dieseltonic,19.0
969,969,digweed,21.0
970,970,dinachem,11.0
971,971,dirt-nap,
972,972,dirty-girl,168.0
973,973,dirty-old-bastard,6.0
974,974,dirty-widow,
975,975,disney-blue,11.0
976,976,divina-obscura,
977,977,dizzy-og,15.0
978,978,django,11.0
979,979,do-over-og,
980,980,do-si-dos,491.0
981,981,doc-holliday,2.0
982,982,doctor-doctor,6.0
983,983,doctor-jamaica,
984,984,dog-face,
985,985,dog-shit,43.0
986,986,dogwalker-og,245.0
987,987,dolla-sign-og-kush,
988,988,domino,
989,989,don-carlos,4.0
990,990,don-shula,7.0
991,991,dons-ghost,2.0
992,992,donegal,52.0
993,993,donkey-butter,27.0
994,994,donna-og,81.0
995,995,doobiebird-daydream,11.0
996,996,doox-9e52aaec47524b6088792c10b9d341d0,
997,997,doox,5.0
998,998,dopium,
999,999,dorit,
1000,1000,dosi-woah-r1,
1001,1001,double-barrel-og,
1002,1002,double-diesel,38.0
1003,1003,double-dream,333.0
1004,1004,double-dutch,19.0
1005,1005,double-lemon-pie,
1006,1006,double-mint,6.0
1007,1007,double-og,28.0
1008,1008,double-purple-doja,23.0
1009,1009,double-tangie-banana,109.0
1010,1010,double-tap,4.0
1011,1011,dougs-varin,19.0
1012,1012,dr-bubbles,
1013,1013,dr-clemenstein,
1014,1014,dr-feelgood,8.0
1015,1015,dr-funk,41.0
1016,1016,double-purple-doja,23.0
1017,1017,double-tangie-banana,109.0
1018,1018,double-tap,4.0
1019,1019,dougs-varin,19.0
1020,1020,dr-bubbles,
1021,1021,dr-clemenstein,
1022,1022,dr-feelgood,8.0
1023,1023,dr-funk,41.0
1024,1024,dr-greenthumbs-em-dog,3.0
1025,1025,dr-grinspoon,66.0
1026,1026,dr-quantum,
1027,1027,dr-who,447.0
1028,1028,dragon-fruit,6.0
1029,1029,dragon-og,26.0
1030,1030,dragon-og,
1031,1031,dragon-punch,2.0
1032,1032,dragons-breath,94.0
1033,1033,dreadlock,3.0
1034,1034,dream-beaver,51.0
1035,1035,dream-berry,38.0
1036,1036,dream-girl,6.0
1037,1037,dream-lotus,44.0
1038,1038,dream-machine,5.0
1039,1039,dream-police,
1040,1040,dream-queen,332.0
1041,1041,dream-star,42.0
1042,1042,dreamcatcher,28.0
1043,1043,dreamers-glass,
1044,1044,drizella,
1045,1045,duct-tape,41.0
1046,1046,duke-nukem,75.0
1047,1047,durban-berry,28.0
1048,1048,durban-cheese,24.0
1049,1049,durban-cookies,65.0
1050,1050,durban-poison,2928.0
1051,1051,durban-princess,7.0
1052,1052,durga-mata,15.0
1053,1053,dutch-47,2.0
1054,1054,dutch-crunch,9.0
1055,1055,dutch-dragon,98.0
1056,1056,dutch-dynasty,
1057,1057,dutch-hawaiian-f26d85d8964844c0a3e447bceefefa9f,
1058,1058,dutch-hawaiian,146.0
1059,1059,dutch-haze,11.0
1060,1060,dutch-kush,11.0
1061,1061,dutch-queen,22.0
1062,1062,dutch-thunder-fuck,14.0
1063,1063,dutch-treat,972.0
1064,1064,dutch-treat-haze,56.0
1065,1065,dutchberry,100.0
1066,1066,dynamite,97.0
1067,1067,eagle-bill,1.0
1068,1068,early-girl,69.0
1069,1069,early-glue-rbx1,2.0
1070,1070,early-miss,8.0
1071,1071,early-pearl,12.0
1072,1072,dutch-treat-haze,56.0
1073,1073,dutchberry,100.0
1074,1074,dynamite,97.0
1075,1075,eagle-bill,1.0
1076,1076,early-girl,69.0
1077,1077,early-glue-rbx1,2.0
1078,1078,early-miss,8.0
1079,1079,early-pearl,12.0
1080,1080,early-skunk,17.0
1081,1081,earth-og,54.0
1082,1082,earthquake,19.0
1083,1083,earthshaker-og,9.0
1084,1084,east-coast-alien,15.0
1085,1085,east-coast-sour-diesel,216.0
1086,1086,eastern-european,
1087,1087,easy-bud,4.0
1088,1088,easy-peezy,4.0
1089,1089,ebola-7,
1090,1090,ecto-cooler,32.0
1091,1091,ed-rosenthal-super-bud,62.0
1092,1092,edelweiss,37.0
1093,1093,egyptian-musk,
1094,1094,egyptian-royalty-1,
1095,1095,el-chapo,2.0
1096,1096,el-chapo-og,61.0
1097,1097,el-jeffe,76.0
1098,1098,el-nino,32.0
1099,1099,el-perro,9.0
1100,1100,el-na,
1101,1101,elderberry-kush,27.0
1102,1102,electric-black-mamba,6.0
1103,1103,electric-kool-aid,26.0
1104,1104,electric-lemon-g,51.0
1105,1105,electric-lemonade,15.0
1106,1106,elektra,7.0
1107,1107,elephant,18.0
1108,1108,elevated-og,2.0
1109,1109,elmers-glue,45.0
1110,1110,elphinstone,6.0
1111,1111,elvis,39.0
1112,1112,emerald-jack,76.0
1113,1113,emerald-og,52.0
1114,1114,emperor-cookie-dough,28.0
1115,1115,endless-sky,20.0
1116,1116,enemy-of-the-state,24.0
1117,1117,enigma,29.0
1118,1118,eran-almog,35.0
1119,1119,erdpurt,1.0
1120,1120,erez,
1121,1121,ether,3.0
1122,1122,ethiopian,2.0
1123,1123,ethos-apex,1.0
1124,1124,ethos-hash-plant-bx1,
1125,1125,euphoria,113.0
1126,1126,eugene-cream,
1127,1127,euphoria-cookies,13.0
1128,1128,erez,
1129,1129,ether,3.0
1130,1130,ethiopian,2.0
1131,1131,ethos-apex,1.0
1132,1132,ethos-hash-plant-bx1,
1133,1133,euphoria,113.0
1134,1134,eugene-cream,
1135,1135,euphoria-cookies,13.0
1136,1136,everlast,
1137,1137,exodus-cheese,133.0
1138,1138,extreme-cream,57.0
1139,1139,extreme-og,14.0
1140,1140,f-13,2.0
1141,1141,f-13-throwback,
1142,1142,fn-louzer,
1143,1143,f-cut-og,
1144,1144,fpog,813.0
1145,1145,face-off-bx2,1.0
1146,1146,face-off-og,108.0
1147,1147,face-on-fire,4.0
1148,1148,faded-glory,2.0
1149,1149,fall-97,
1150,1150,fallen-angel,5.0
1151,1151,false-teeth,14.0
1152,1152,fast-eddy,7.0
1153,1153,fat-axl,
1154,1154,fat-nelson,
1155,1155,fat-purple,14.0
1156,1156,fauxsido,1.0
1157,1157,faygo-red-pop,12.0
1158,1158,fighting-buddha,3.0
1159,1159,fire-alien-kush,58.0
1160,1160,fire-alien-master,
1161,1161,fire-alien-romulan,
1162,1162,fire-alien-strawberry,3.0
1163,1163,fire-alien-urkle,
1164,1164,fire-haze,43.0
1165,1165,fire-og,1018.0
1166,1166,firewalker-og,49.0
1167,1167,first-48,23.0
1168,1168,first-light,1.0
1169,1169,flaming-cookies,20.0
1170,1170,flo,608.0
1171,1171,flo-limone,11.0
1172,1172,flo-og,54.0
1173,1173,flo-walker,6.0
1174,1174,florida-og,
1175,1175,flowerbomb-kush,51.0
1176,1176,flowers-for-algernon,4.0
1177,1177,focaccia,
1178,1178,forbidden-fruit,466.0
1179,1179,forbidden-zkittlez,4.0
1180,1180,formula-one,1.0
1181,1181,fortune-cookies,131.0
1182,1182,forum-cut-cookies-s1,13.0
1183,1183,foul-mouth,6.0
1184,1184,flowers-for-algernon,4.0
1185,1185,focaccia,
1186,1186,forbidden-fruit,466.0
1187,1187,forbidden-zkittlez,4.0
1188,1188,formula-one,1.0
1189,1189,fortune-cookies,131.0
1190,1190,forum-cut-cookies-s1,13.0
1191,1191,foul-mouth,6.0
1192,1192,four-cups,4.0
1193,1193,four-star-general,7.0
1194,1194,four-way,5.0
1195,1195,franks-gift,44.0
1196,1196,frankenstein,84.0
1197,1197,fred-flipn-stoned,
1198,1198,freezeland,44.0
1199,1199,french-bread,4.0
1200,1200,frida,24.0
1201,1201,frisian-dew,33.0
1202,1202,frisian-duck,16.0
1203,1203,frostbite,29.0
1204,1204,frosted-cherry-cookies,9.0
1205,1205,frosted-freak,74.0
1206,1206,frosty,39.0
1207,1207,frosty-jesus,
1208,1208,frozen-tangerines,
1209,1209,fruit-crusher,2.0
1210,1210,fruit-loop-og,1.0
1211,1211,fruit-loops,88.0
1212,1212,fruit-punch,111.0
1213,1213,fruit-spirit,41.0
1214,1214,fruity-chronic-juice,42.0
1215,1215,fruity-juice,
1216,1216,fruity-widow,9.0
1217,1217,fruitylicious,14.0
1218,1218,fucking-incredible,227.0
1219,1219,full-moon,28.0
1220,1220,funfetti,34.0
1221,1221,funky-monkey,29.0
1222,1222,future,60.0
1223,1223,fuzzy-navel,1.0
1224,1224,g-cut,
1225,1225,g-force,4.0
1226,1226,g1000,
1227,1227,goat,7.0
1228,1228,g-13,1043.0
1229,1229,g13-diesel,11.0
1230,1230,g13-haze,190.0
1231,1231,g13-widow,13.0
1232,1232,gdp-electric,3.0
1233,1233,gi-001,13.0
1234,1234,gmo-cookies,128.0
1235,1235,griz-kush,43.0
1236,1236,gsc,6761.0
1237,1237,gto,
1238,1238,gabriel-sherbet,9.0
1239,1239,galactic-jack,101.0
1240,1240,gdp-electric,3.0
1241,1241,gi-001,13.0
1242,1242,gmo-cookies,128.0
1243,1243,griz-kush,43.0
1244,1244,gsc,6761.0
1245,1245,gto,
1246,1246,gabriel-sherbet,9.0
1247,1247,galactic-jack,101.0
1248,1248,galactica-og,8.0
1249,1249,game-changer,112.0
1250,1250,gammaberry,
1251,1251,gandalf-og,16.0
1252,1252,ganesh-berry,
1253,1253,garlic-bud,22.0
1254,1254,gas-mask,23.0
1255,1255,gaswerx,
1256,1256,gatekeeper-og,
1257,1257,gelato,1304.0
1258,1258,gelato-33,71.0
1259,1259,gemstone,17.0
1260,1260,georgia-pine,9.0
1261,1261,ghetto-bird,
1262,1262,ghost-bubba,28.0
1263,1263,ghost-cookies,23.0
1264,1264,ghost-og,533.0
1265,1265,ghost-og-moonshine,20.0
1266,1266,ghost-rider-og,16.0
1267,1267,ghost-ship,12.0
1268,1268,ghost-tange-haze,
1269,1269,ghost-train-haze,912.0
1270,1270,ghostbreath,5.0
1271,1271,gigabud,41.0
1272,1272,gilz-nilz,19.0
1273,1273,ginger-ale,9.0
1274,1274,ginger-punch,
1275,1275,glad-max,
1276,1276,glass-apple,23.0
1277,1277,glass-slipper,227.0
1278,1278,glue-tech,21.0
1279,1279,gluechee,3.0
1280,1280,gnome-walker,1.0
1281,1281,go-time,13.0
1282,1282,goat-head,
1283,1283,gobbilygoo,12.0
1284,1284,gobbstopper,23.0
1285,1285,god-bud,580.0
1286,1286,god-bud,
1287,1287,gods-green-crack,232.0
1288,1288,godberry,94.0
1289,1289,godfather-og,188.0
1290,1290,godfather-purple-kush,21.0
1291,1291,godzilla,37.0
1292,1292,godzilla-blood,
1293,1293,godzilla-glue,35.0
1294,1294,gods-bubba,11.0
1295,1295,gods-treat,12.0
1296,1296,godberry,94.0
1297,1297,godfather-og,188.0
1298,1298,godfather-purple-kush,21.0
1299,1299,godzilla,37.0
1300,1300,godzilla-blood,
1301,1301,godzilla-glue,35.0
1302,1302,gods-bubba,11.0
1303,1303,gods-treat,12.0
1304,1304,gog-magog,
1305,1305,goji-diesel,5.0
1306,1306,goji-og,216.0
1307,1307,gold-kings-thai,3.0
1308,1308,gold-star,
1309,1309,goldberry,24.0
1310,1310,golden-calyx,
1311,1311,golden-gage,6.0
1312,1312,golden-goat,1180.0
1313,1313,golden-lemon,93.0
1314,1314,golden-nugget,32.0
1315,1315,golden-panda,19.0
1316,1316,golden-pineapple,406.0
1317,1317,golden-soda,
1318,1318,golden-state-banana,21.0
1319,1319,golden-tangie,6.0
1320,1320,golden-ticket,134.0
1321,1321,golden-tiger,12.0
1322,1322,goldwing,
1323,1323,goo,167.0
1324,1324,gooberry,35.0
1325,1325,good-medicine,37.0
1326,1326,gorilla-biscuit,11.0
1327,1327,gorilla-breath,6.0
1328,1328,gorilla-cookies,141.0
1329,1329,gorilla-girl,17.0
1330,1330,gorilla-grips,7.0
1331,1331,gorilla-snacks,13.0
1332,1332,gorkle,2.0
1333,1333,government-mule,
1334,1334,grand-doggy-purps,55.0
1335,1335,grand-hindu,21.0
1336,1336,grand-hustle,35.0
1337,1337,granddaddy-purple,4533.0
1338,1338,granddaddy-wonder,
1339,1339,grandma-andersons-cookies,2.0
1340,1340,grandmas-batch,4.0
1341,1341,grandmas-sugar-cookies,17.0
1342,1342,grandpa-larry-og,
1343,1343,grandpas-breath,28.0
1344,1344,grandpas-stash,3.0
1345,1345,granola-funk,12.0
1346,1346,grape-ape,1886.0
1347,1347,grape-bubba,1.0
1348,1348,grape-cake,
1349,1349,grape-calyx,
1350,1350,grape-candy,
1351,1351,grape-cookies,32.0
1352,1352,grandpas-stash,3.0
1353,1353,granola-funk,12.0
1354,1354,grape-ape,1886.0
1355,1355,grape-bubba,1.0
1356,1356,grape-cake,
1357,1357,grape-calyx,
1358,1358,grape-candy,
1359,1359,grape-cookies,32.0
1360,1360,grape-dawg,4.0
1361,1361,grape-drink,8.0
1362,1362,grape-god,434.0
1363,1363,grape-god-bud,
1364,1364,grape-inferno,29.0
1365,1365,grape-jelly,17.0
1366,1366,grape-krush,139.0
1367,1367,grape-krush-throwback,
1368,1368,grape-kush,153.0
1369,1369,grape-ox,33.0
1370,1370,grape-skunk,41.0
1371,1371,grape-smuggler,
1372,1372,grape-soda,20.0
1373,1373,sour-grapes,352.0
1374,1374,grape-valley-kush,35.0
1375,1375,grape-vine,6.0
1376,1376,grapefruit,522.0
1377,1377,grapefruit-diesel,129.0
1378,1378,grapefruit-haze,65.0
1379,1379,grapefruit-kush,174.0
1380,1380,gravity,30.0
1381,1381,grease-monkey,204.0
1382,1382,white-shark,454.0
1383,1383,green-avenger,
1384,1384,green-candy,124.0
1385,1385,green-cheese,15.0
1386,1386,green-crack,6059.0
1387,1387,green-crack-cbd,5.0
1388,1388,green-crack-extreme,68.0
1389,1389,green-door-kush,
1390,1390,green-dragon,83.0
1391,1391,green-dream,176.0
1392,1392,green-goblin,100.0
1393,1393,green-goddess,87.0
1394,1394,green-haze,35.0
1395,1395,green-hornet,50.0
1396,1396,green-kush,61.0
1397,1397,green-lantern,44.0
1398,1398,green-line-og,49.0
1399,1399,green-love-potion,39.0
1400,1400,green-magic,9.0
1401,1401,green-mango,4.0
1402,1402,green-monster,61.0
1403,1403,green-poison,129.0
1404,1404,green-python,
1405,1405,green-queen,186.0
1406,1406,green-ribbon,162.0
1407,1407,gremlin,9.0
1408,1408,green-magic,9.0
1409,1409,green-mango,4.0
1410,1410,green-monster,61.0
1411,1411,green-poison,129.0
1412,1412,green-python,
1413,1413,green-queen,186.0
1414,1414,green-ribbon,162.0
1415,1415,gremlin,9.0
1416,1416,grilled-cheese,7.0
1417,1417,grimace,
1418,1418,grimace-og,10.0
1419,1419,grimmdica,10.0
1420,1420,guard-dawg,17.0
1421,1421,guava-cake,3.0
1422,1422,guava-chem,41.0
1423,1423,guava-dub-star,
1424,1424,guava-gelato,27.0
1425,1425,guava-kush,94.0
1426,1426,gucci-og,63.0
1427,1427,guido-kush,
1428,1428,gumbo,57.0
1429,1429,gummo,18.0
1430,1430,gummy-bears,40.0
1431,1431,gupta-haze,
1432,1432,gupta-kush,9.0
1433,1433,guptilla,18.0
1434,1434,gutbuster,14.0
1435,1435,gypsy-kush,
1436,1436,hades-haze,4.0
1437,1437,hades-og,10.0
1438,1438,haleighs-hope,36.0
1439,1439,hammerhead,23.0
1440,1440,hammershark,
1441,1441,hannibal-nectar,
1442,1442,haole,41.0
1443,1443,haoma,13.0
1444,1444,haoma-mist,
1445,1445,happy-rancher,34.0
1446,1446,hardcore-og,104.0
1447,1447,harle-tsu,311.0
1448,1448,harlequin,1185.0
1449,1449,harlequin-gdp,27.0
1450,1450,harley-storm,8.0
1451,1451,harley-twin,
1452,1452,harmonia,18.0
1453,1453,harmony,30.0
1454,1454,harry-potter,19.0
1455,1455,hash-plant,427.0
1456,1456,hashbar-og,19.0
1457,1457,hashberry,104.0
1458,1458,hashplant-haze,29.0
1459,1459,havarra-wedding,
1460,1460,hawaiian,153.0
1461,1461,hawaiian-cookies,30.0
1462,1462,hawaiian-delight,11.0
1463,1463,hawaiian-diesel,30.0
1464,1464,hashbar-og,19.0
1465,1465,hashberry,104.0
1466,1466,hashplant-haze,29.0
1467,1467,havarra-wedding,
1468,1468,hawaiian,153.0
1469,1469,hawaiian-cookies,30.0
1470,1470,hawaiian-delight,11.0
1471,1471,hawaiian-diesel,30.0
1472,1472,hawaiian-dream,73.0
1473,1473,hawaiian-duckfoot,4.0
1474,1474,hawaiian-fire,
1475,1475,hawaiian-haze,108.0
1476,1476,hawaiian-mayan-gold,11.0
1477,1477,hawaiian-punch,81.0
1478,1478,hawaiian-purple-kush,39.0
1479,1479,hawaiian-sativa,34.0
1480,1480,hawaiian-skunk,49.0
1481,1481,hawaiian-snow,203.0
1482,1482,hawaiian-sunrise,
1483,1483,hawaiian-thunder-fuck,16.0
1484,1484,hawaiian-trinity,4.0
1485,1485,hawaii-78,6.0
1486,1486,hayleys-haze,5.0
1487,1487,haze,428.0
1488,1488,haze-berry,25.0
1489,1489,haze-heaven,
1490,1490,haze-mist,3.0
1491,1491,haze-wreck,
1492,1492,hazmat-og,2.0
1493,1493,head-cheese,193.0
1494,1494,head-trip,28.0
1495,1495,headband,2440.0
1496,1496,headband-cookies-bx1,
1497,1497,headbanger,83.0
1498,1498,heatwave,4.0
1499,1499,heaven-scent,4.0
1500,1500,heavenly-og,6.0
1501,1501,heavy-duty-fruity,79.0
1502,1502,heisenberg-kush,34.0
1503,1503,hell-raiser-og,35.0
1504,1504,hells-og,201.0
1505,1505,hellfire-og,71.0
1506,1506,hemlock,60.0
1507,1507,hempstar,125.0
1508,1508,hercules,24.0
1509,1509,herojuana,458.0
1510,1510,hibiscus-sunrise,20.0
1511,1511,high-five,
1512,1512,high-noon-irish-cream,
1513,1513,high-school-sweetheart,12.0
1514,1514,higher-power,11.0
1515,1515,highwayman,14.0
1516,1516,himalayan-blackberry,19.0
1517,1517,himalayan-gold,48.0
1518,1518,hindu-kush,1083.0
1519,1519,hindu-skunk,107.0
1520,1520,high-noon-irish-cream,
1521,1521,high-school-sweetheart,12.0
1522,1522,higher-power,11.0
1523,1523,highwayman,14.0
1524,1524,himalayan-blackberry,19.0
1525,1525,himalayan-gold,48.0
1526,1526,hindu-kush,1083.0
1527,1527,hindu-skunk,107.0
1528,1528,hindu-sour,2.0
1529,1529,hippie-chicken,38.0
1530,1530,hippie-crippler,123.0
1531,1531,hoarfrost,
1532,1532,hobbit,
1533,1533,hogs-breath,109.0
1534,1534,hollands-hope,60.0
1535,1535,hollyweed,6.0
1536,1536,hollywood-og,52.0
1537,1537,holy-ghost,
1538,1538,holy-grail-kush,670.0
1539,1539,holy-punch,
1540,1540,holy-roller,3.0
1541,1541,honduras,1.0
1542,1542,honey-bananas,145.0
1543,1543,honey-boo-boo,48.0
1544,1544,honey-lemon-cheese,4.0
1545,1545,honey-rock,
1546,1546,hong-kong,57.0
1547,1547,hoodwreck,
1548,1548,horace,3.0
1549,1549,huckleberries,1.0
1550,1550,huckleberry,154.0
1551,1551,huckleberry-cough,3.0
1552,1552,huckleberry-desstar,1.0
1553,1553,huckleberry-diesel,4.0
1554,1554,huckleberry-hound,3.0
1555,1555,huckleberry-soda,
1556,1556,hulkamania,6.0
1557,1557,humboldt,44.0
1558,1558,humboldt-dream,9.0
1559,1559,humboldt-hawaiian,
1560,1560,humboldt-headband,9.0
1561,1561,humboldt-sour-diesel,
1562,1562,humdinger-og,1.0
1563,1563,hurkle,65.0
1564,1564,hurricane,58.0
1565,1565,hustler-kush,14.0
1566,1566,i-95,29.0
1567,1567,iced-grapefruit,56.0
1568,1568,ifc-og,
1569,1569,ig-kush,
1570,1570,ice,228.0
1571,1571,ice-cream,163.0
1572,1572,ice-cream-cake,106.0
1573,1573,ice-princess,2.0
1574,1574,ice-queen,53.0
1575,1575,ice-wreck,43.0
1576,1576,ifc-og,
1577,1577,ig-kush,
1578,1578,ice,228.0
1579,1579,ice-cream,163.0
1580,1580,ice-cream-cake,106.0
1581,1581,ice-princess,2.0
1582,1582,ice-queen,53.0
1583,1583,ice-wreck,43.0
1584,1584,iced-widow,
1585,1585,ill-og,8.0
1586,1586,illuminati-og,16.0
1587,1587,in-the-pines,47.0
1588,1588,incredible-bulk,80.0
1589,1589,incredible-hulk,91.0
1590,1590,industrial-plant,15.0
1591,1591,ingrid,141.0
1592,1592,intergalactic,8.0
1593,1593,inzane-in-the-membrane,12.0
1594,1594,irene-kush,77.0
1595,1595,irish-cream,11.0
1596,1596,iron-triangle,17.0
1597,1597,island-haze,6.0
1598,1598,island-maui-haze,15.0
1599,1599,island-poison,
1600,1600,island-sweet-skunk,813.0
1601,1601,ivan,
1602,1602,js-famous-kush,4.0
1603,1603,j-27,32.0
1604,1604,j1,574.0
1605,1605,jr,288.0
1606,1606,jt15,
1607,1607,jabbas-stash,
1608,1608,jack-47,29.0
1609,1609,jack-burton,2.0
1610,1610,jack-diesel,58.0
1611,1611,jack-flash,292.0
1612,1612,jack-frost,494.0
1613,1613,jack-haze,50.0
1614,1614,jack-herer,4073.0
1615,1615,jack-kush,36.0
1616,1616,jack-skellington,101.0
1617,1617,jack-smack,9.0
1618,1618,jack-widow,37.0
1619,1619,jack-wreck,31.0
1620,1620,jack-of-spades,3.0
1621,1621,jack-the-ripper,417.0
1622,1622,jacks-cleaner,78.0
1623,1623,jacks-dream,21.0
1624,1624,jackalope,12.0
1625,1625,jacked-up,20.0
1626,1626,jacky-girl,1.0
1627,1627,jacky-white,56.0
1628,1628,jacks-dragon-girl-7,
1629,1629,jacks-girl,3.0
1630,1630,jah-goo,18.0
1631,1631,jah-kush,86.0
1632,1632,jackalope,12.0
1633,1633,jacked-up,20.0
1634,1634,jacky-girl,1.0
1635,1635,jacky-white,56.0
1636,1636,jacks-dragon-girl-7,
1637,1637,jacks-girl,3.0
1638,1638,jah-goo,18.0
1639,1639,jah-kush,86.0
1640,1640,jahwaiian,4.0
1641,1641,jamaican,62.0
1642,1642,jamaican-dream,89.0
1643,1643,jamaican-lion,27.0
1644,1644,jamaican-pearl,50.0
1645,1645,jamba-juice,5.0
1646,1646,jane-doe,12.0
1647,1647,jasmin,13.0
1648,1648,jawa-pie,23.0
1649,1649,jazz,27.0
1650,1650,jean-guy,272.0
1651,1651,jedi-kush,313.0
1652,1652,jelly-roll,12.0
1653,1653,jenni,
1654,1654,jenny-kush,87.0
1655,1655,jericho-haze,1.0
1656,1656,jerusalem-express,2.0
1657,1657,jesses-girl,9.0
1658,1658,jesus,58.0
1659,1659,jesus-og,362.0
1660,1660,jet-fuel,422.0
1661,1661,jilly-dawg,3.0
1662,1662,jillybean,899.0
1663,1663,jim-og,
1664,1664,jimi-hendrix,24.0
1665,1665,jock-horror,23.0
1666,1666,joes-dank,
1667,1667,joes-lemonade,
1668,1668,johnnys-tonic,11.0
1669,1669,jorges-diamond,7.0
1670,1670,josh-d-og,17.0
1671,1671,juicy-fruit,615.0
1672,1672,juicy-jack,23.0
1673,1673,juliet,20.0
1674,1674,julius-caesar,30.0
1675,1675,jungle-juice,15.0
1676,1676,jungle-scout-cookies,3.0
1677,1677,jungle-spice,
1678,1678,jupiter-og,163.0
1679,1679,k-train,31.0
1680,1680,k1,18.0
1681,1681,k2,47.0
1682,1682,kc-33,11.0
1683,1683,kc-36,4.0
1684,1684,kt-dawg,13.0
1685,1685,kaboom,66.0
1686,1686,kahavvai-mode,
1687,1687,kahuna,6.0
1688,1688,k1,18.0
1689,1689,k2,47.0
1690,1690,kc-33,11.0
1691,1691,kc-36,4.0
1692,1692,kt-dawg,13.0
1693,1693,kaboom,66.0
1694,1694,kahavvai-mode,
1695,1695,kahuna,6.0
1696,1696,kaia-kush,
1697,1697,kailua-pua,2.0
1698,1698,kalalau-kush,4.0
1699,1699,kalashnikova,42.0
1700,1700,kaleidos-dope,
1701,1701,kali-47,8.0
1702,1702,kali-china,6.0
1703,1703,kali-dog,14.0
1704,1704,kali-mist,286.0
1705,1705,kandahar,
1706,1706,kandy-kush,507.0
1707,1707,kaptns-grand-dream,3.0
1708,1708,karibbean-mango,
1709,1709,karma-bitch,26.0
1710,1710,karma-og,7.0
1711,1711,karmarado-og,
1712,1712,kashmir-kush,13.0
1713,1713,katsu-bubba-kush,69.0
1714,1714,katsu-kush,43.0
1715,1715,kauai-electric,9.0
1716,1716,kelly-hill-gold,
1717,1717,kens-kush,33.0
1718,1718,kerala,1.0
1719,1719,kerala-krush,11.0
1720,1720,kerosene,3.0
1721,1721,ketama,3.0
1722,1722,key-lime-pie,294.0
1723,1723,keystone-kush,17.0
1724,1724,khalifa-kush,575.0
1725,1725,khola,6.0
1726,1726,khufu,
1727,1727,kid-n-cookies,8.0
1728,1728,kilimanjaro,123.0
1729,1729,kill-bill,17.0
1730,1730,killer-grape,17.0
1731,1731,killer-queen,128.0
1732,1732,killing-fields,33.0
1733,1733,kimbo-kush,174.0
1734,1734,king-cake,10.0
1735,1735,king-kong,151.0
1736,1736,king-louis,767.0
1737,1737,king-thunder-fuck,5.0
1738,1738,kings-bread,28.0
1739,1739,king-kush,339.0
1740,1740,kings-banner,
1741,1741,kiss,10.0
1742,1742,kiwiskunk,12.0
1743,1743,kobain-kush,13.0
1744,1744,king-louis,767.0
1745,1745,king-thunder-fuck,5.0
1746,1746,kings-bread,28.0
1747,1747,king-kush,339.0
1748,1748,kings-banner,
1749,1749,kiss,10.0
1750,1750,kiwiskunk,12.0
1751,1751,kobain-kush,13.0
1752,1752,koloa-sunrise,
1753,1753,koloa-sunrise-47e37470d89f4b7890fa89ea59393eb6,
1754,1754,kona-gold,20.0
1755,1755,kong,132.0
1756,1756,kool-aid-smile,
1757,1757,koolato,2.0
1758,1758,kosher-kush,826.0
1759,1759,kosher-tangie,165.0
1760,1760,krakatoa,
1761,1761,kraken,32.0
1762,1762,kreamy-karamel,
1763,1763,krishna-kush,16.0
1764,1764,kritikal-k,7.0
1765,1765,kryptonite,309.0
1766,1766,kuato,
1767,1767,kubbie-kush,29.0
1768,1768,kuchi,9.0
1769,1769,kurple-fantasy,57.0
1770,1770,kush-ben-yamini,
1771,1771,kush-cleaner,20.0
1772,1772,kush-hemp,2.0
1773,1773,kush-rise,4.0
1774,1774,kush-n-cheese,8.0
1775,1775,kushadelic,16.0
1776,1776,kushage,34.0
1777,1777,kushashima,
1778,1778,kushberry,160.0
1779,1779,leagle-eagle,22.0
1780,1780,la-sunshine,9.0
1781,1781,lak-federal-reserve,15.0
1782,1782,la-cake,9.0
1783,1783,la-chocolat,94.0
1784,1784,la-confidential,1212.0
1785,1785,la-jack,
1786,1786,la-kookies,16.0
1787,1787,la-kush,41.0
1788,1788,la-og,69.0
1789,1789,la-ultra,22.0
1790,1790,la-woman,100.0
1791,1791,lapd,
1792,1792,lsd,1001.0
1793,1793,lvpk,25.0
1794,1794,la-blanca,5.0
1795,1795,la-blanca-gold,4.0
1796,1796,la-nina,
1797,1797,la-reina-de-africa,3.0
1798,1798,lady-liberty,
1799,1799,ladyburn-1974,13.0
1800,1800,lsd,1001.0
1801,1801,lvpk,25.0
1802,1802,la-blanca,5.0
1803,1803,la-blanca-gold,4.0
1804,1804,la-nina,
1805,1805,la-reina-de-africa,3.0
1806,1806,lady-liberty,
1807,1807,ladyburn-1974,13.0
1808,1808,lake-of-fire,51.0
1809,1809,lamb-s-bread,775.0
1810,1810,lambo-og,17.0
1811,1811,lamborghini,9.0
1812,1812,lambs-in-space,5.0
1813,1813,landos-stash,
1814,1814,larry-bird-kush,30.0
1815,1815,larry-og,714.0
1816,1816,las-vegas-purple-kush-bx,8.0
1817,1817,lashkar-gah,14.0
1818,1818,laughing-buddha,210.0
1819,1819,laughing-gas,9.0
1820,1820,lavender,724.0
1821,1821,lavender-haze,31.0
1822,1822,lavender-jones,155.0
1823,1823,lazy-lightning,
1824,1824,lazy-train,
1825,1825,le-silver-royale,
1826,1826,leda-uno,
1827,1827,lee-roy,44.0
1828,1828,legalized-og,18.0
1829,1829,legend-og,38.0
1830,1830,legend-of-nigeria,11.0
1831,1831,legendary-lemon,
1832,1832,lem-chem,7.0
1833,1833,lemon-alien-dawg,69.0
1834,1834,lemon-banana-sherbet,11.0
1835,1835,lemon-bananas,12.0
1836,1836,lemon-bubble,39.0
1837,1837,lemon-cake,86.0
1838,1838,lemon-cookies,13.0
1839,1839,lemon-crme,3.0
1840,1840,lemon-daddy,13.0
1841,1841,lemon-diesel,536.0
1842,1842,lemon-drop,191.0
1843,1843,lemon-fire,11.0
1844,1844,lemon-g,182.0
1845,1845,lemon-garlic-og,4.0
1846,1846,lemon-haze,2208.0
1847,1847,lemon-ice,16.0
1848,1848,lemon-jack,128.0
1849,1849,lemon-jeffery,13.0
1850,1850,lemon-kush,1145.0
1851,1851,lemon-kush-headband,3.0
1852,1852,lemon-larry-lavender,15.0
1853,1853,lemon-marmalade,16.0
1854,1854,lemon-meringue,126.0
1855,1855,lemon-og-haze,40.0
1856,1856,lemon-jack,128.0
1857,1857,lemon-jeffery,13.0
1858,1858,lemon-kush,1145.0
1859,1859,lemon-kush-headband,3.0
1860,1860,lemon-larry-lavender,15.0
1861,1861,lemon-marmalade,16.0
1862,1862,lemon-meringue,126.0
1863,1863,lemon-og-haze,40.0
1864,1864,lemon-og,423.0
1865,1865,lemon-pie,42.0
1866,1866,lemon-prevention,
1867,1867,lemon-sativa,41.0
1868,1868,lemon-skunk,928.0
1869,1869,lemon-sorbet-3,8.0
1870,1870,lemon-tangie,3.0
1871,1871,lemon-thai,132.0
1872,1872,lemon-thai-kush,2.0
1873,1873,lemon-tree,29.0
1874,1874,lemon-walker-og,31.0
1875,1875,lemon-wreck,62.0
1876,1876,lemon-zest,9.0
1877,1877,lemonberry,66.0
1878,1878,lemonchello-28,10.0
1879,1879,lemonder,25.0
1880,1880,lemongrass,
1881,1881,lemonhead-og,80.0
1882,1882,lennon,2.0
1883,1883,leonidas,4.0
1884,1884,lethal-purple,6.0
1885,1885,lethal-purple,
1886,1886,lifesaver,43.0
1887,1887,lifestar,
1888,1888,lifter,8.0
1889,1889,light-of-jah,43.0
1890,1890,lil-sebastian,5.0
1891,1891,lime-green-skunk,28.0
1892,1892,key-lime-haze,32.0
1893,1893,lime-purple-mist,
1894,1894,lime-skunk,72.0
1895,1895,lime-sorbet,34.0
1896,1896,lime-tart,5.0
1897,1897,limon,26.0
1898,1898,lions-gate,11.0
1899,1899,lions-milk,1.0
1900,1900,liquid-butter,58.0
1901,1901,little-devil,5.0
1902,1902,little-dragon,5.0
1903,1903,llanera,
1904,1904,locktite,67.0
1905,1905,locomotion,54.0
1906,1906,lodi-dodi,124.0
1907,1907,logic-diesel,
1908,1908,longbottom-leaf,12.0
1909,1909,loopy-fruit,2.0
1910,1910,lost-coast-ghost,
1911,1911,lost-coast-hash-plant,3.0
1912,1912,locktite,67.0
1913,1913,locomotion,54.0
1914,1914,lodi-dodi,124.0
1915,1915,logic-diesel,
1916,1916,longbottom-leaf,12.0
1917,1917,loopy-fruit,2.0
1918,1918,lost-coast-ghost,
1919,1919,lost-coast-hash-plant,3.0
1920,1920,lost-coast-og,85.0
1921,1921,lost-sierra-night-nurse,
1922,1922,lotus-larry,
1923,1923,loud-dream,43.0
1924,1924,loud-lemonade,4.0
1925,1925,loud-scout,16.0
1926,1926,love-boat,2.0
1927,1927,love-is-love,
1928,1928,love-potion,128.0
1929,1929,love-potion-9,46.0
1930,1930,love-triangle,3.0
1931,1931,lowryder,29.0
1932,1932,loyality,4.0
1933,1933,luca-brasi,
1934,1934,luca-brasi-x-sour-diesel,
1935,1935,lucid-bolt,
1936,1936,lucid-dream,94.0
1937,1937,lucifer-og,4.0
1938,1938,lucky-charms,164.0
1939,1939,lucy,36.0
1940,1940,m-39,181.0
1941,1941,m1-56,
1942,1942,mac,73.0
1943,1943,mc1,4.0
1944,1944,milf,20.0
1945,1945,mk-ultra,680.0
1946,1946,mad-dawg,23.0
1947,1947,mad-scientist,39.0
1948,1948,madagascar,
1949,1949,madcow,7.0
1950,1950,madman-og,50.0
1951,1951,madzilla,5.0
1952,1952,mag-91,5.0
1953,1953,mag-landrace,89.0
1954,1954,magellan,10.0
1955,1955,magic-beans-og,9.0
1956,1956,magic-jordan,4.0
1957,1957,magic-melon,1.0
1958,1958,magnificent-mile,12.0
1959,1959,magnum,32.0
1960,1960,magnum-opus,4.0
1961,1961,magnum-pi,18.0
1962,1962,mai-tai-cookies,19.0
1963,1963,majestic-12,5.0
1964,1964,mako-haze,45.0
1965,1965,malakoff,9.0
1966,1966,malawi,74.0
1967,1967,malawi-gold,9.0
1968,1968,magnum-opus,4.0
1969,1969,magnum-pi,18.0
1970,1970,mai-tai-cookies,19.0
1971,1971,majestic-12,5.0
1972,1972,mako-haze,45.0
1973,1973,malakoff,9.0
1974,1974,malawi,74.0
1975,1975,malawi-gold,9.0
1976,1976,mammoth,27.0
1977,1977,mandala-1,9.0
1978,1978,mandarin-cookies,45.0
1979,1979,mandarin-dreams,18.0
1980,1980,mandarin-jack,
1981,1981,mandarin-sunset,17.0
1982,1982,mandarin-tk,1.0
1983,1983,mandarin-zkittlez,2.0
1984,1984,mango,471.0
1985,1985,mango-dream,47.0
1986,1986,mango-habanero,
1987,1987,mango-habanero,
1988,1988,mango-kush,1079.0
1989,1989,mango-sapphire,7.0
1990,1990,mango-sherbert,10.0
1991,1991,mango-tango,84.0
1992,1992,mangolicious,
1993,1993,manitoba-poison,
1994,1994,maple-leaf-indica,41.0
1995,1995,maramota-10,1.0
1996,1996,marcosus-marshmellow,13.0
1997,1997,margaret-cho-g,3.0
1998,1998,marionberry-kush,160.0
1999,1999,marionberry-pie,1.0
2000,2000,marleys-collie,
2001,2001,marmalade,11.0
2002,2002,mars-og,187.0
2003,2003,martian-candy,29.0
2004,2004,martian-mean-green,79.0
2005,2005,martian-muffins,2.0
2006,2006,master-bubba,112.0
2007,2007,master-jedi,74.0
2008,2008,master-kush,1681.0
2009,2009,master-og,80.0
2010,2010,master-skunk,26.0
2011,2011,master-yoda,171.0
2012,2012,matanuska-thunder-fuck,188.0
2013,2013,mataro-blue,31.0
2014,2014,matsu,
2015,2015,mau-mau,4.0
2016,2016,maui,142.0
2017,2017,maui-berry,6.0
2018,2018,maui-bubble-gift,44.0
2019,2019,maui-citrus-punch,7.0
2020,2020,maui-haole,
2021,2021,maui-mango-diesel,24.0
2022,2022,maui-mango-diesel,
2023,2023,maui-wowie,1369.0
2024,2024,maui,142.0
2025,2025,maui-berry,6.0
2026,2026,maui-bubble-gift,44.0
2027,2027,maui-citrus-punch,7.0
2028,2028,maui-haole,
2029,2029,maui-mango-diesel,24.0
2030,2030,maui-mango-diesel,
2031,2031,maui-wowie,1369.0
2032,2032,maui-wowie,
2033,2033,mazar-i-sharif,128.0
2034,2034,mazar-kush,66.0
2035,2035,mazar-x-blueberry,1036.0
2036,2036,mazar-x-blueberry,1036.0
2037,2037,mazari,3.0
2038,2038,mean-misty,
2039,2039,medihaze,128.0
2040,2040,medibud,97.0
2041,2041,medical-49,
2042,2042,medicine-man,123.0
2043,2043,medicine-woman,24.0
2044,2044,medusa,63.0
2045,2045,mega-jackpot,17.0
2046,2046,megalodon,25.0
2047,2047,mekamika-haze,1.0
2048,2048,melon-gum,46.0
2049,2049,melonberry,
2050,2050,member-berry,32.0
2051,2051,memory-loss,57.0
2052,2052,mendo-afgoo,7.0
2053,2053,mendo-breath,307.0
2054,2054,mendo-montage,3.0
2055,2055,mendo-queen,3.0
2056,2056,mendo-supremo,
2057,2057,mendocino-madness,3.0
2058,2058,mendocino-purps,280.0
2059,2059,mercury-og,50.0
2060,2060,merlot-og,10.0
2061,2061,mexican,77.0
2062,2062,mexican-kush,1.0
2063,2063,mexican-sativa,53.0
2064,2064,michael-phelps-og,
2065,2065,michka,2.0
2066,2066,mickey-kush,106.0
2067,2067,middlefork,126.0
2068,2068,middlefork-x-pineapple-express,11.0
2069,2069,midnight,97.0
2070,2070,mighty-glue,5.0
2071,2071,mighty-quin,1.0
2072,2072,mike-larry,
2073,2073,milky-way,17.0
2074,2074,millennium,
2075,2075,mimosa,255.0
2076,2076,mint-chocolate-chip,29.0
2077,2077,mint-lemonade,
2078,2078,mission-kush,3.0
2079,2079,misty-kush,27.0
2080,2080,mike-larry,
2081,2081,milky-way,17.0
2082,2082,millennium,
2083,2083,mimosa,255.0
2084,2084,mint-chocolate-chip,29.0
2085,2085,mint-lemonade,
2086,2086,mission-kush,3.0
2087,2087,misty-kush,27.0
2088,2088,misty-morning,2.0
2089,2089,mob-boss,259.0
2090,2090,moby-dick,586.0
2091,2091,mochi,30.0
2092,2092,molokai-frost,15.0
2093,2093,molokai-purpz,3.0
2094,2094,money-maker,56.0
2095,2095,monkey-bread-1,3.0
2096,2096,monkey-paw,48.0
2097,2097,monkey-thunder,3.0
2098,2098,monolith,6.0
2099,2099,monster-cookies,288.0
2100,2100,monster-og,46.0
2101,2101,montana-silvertip,122.0
2102,2102,moon-cookies,17.0
2103,2103,moon-drops,3.0
2104,2104,moon-walk,3.0
2105,2105,moonbeam,44.0
2106,2106,moondance,7.0
2107,2107,moonshine-haze,165.0
2108,2108,moontang,
2109,2109,moonwalker-kush,19.0
2110,2110,moose-and-lobsta,66.0
2111,2111,more-cowbell,1.0
2112,2112,morning-glory,14.0
2113,2113,morning-star,27.0
2114,2114,mossad,4.0
2115,2115,mossimo-og,
2116,2116,motavation,
2117,2117,mother-tongue,28.0
2118,2118,mother-of-all-cherries,2.0
2119,2119,mother-of-berries,154.0
2120,2120,mothers-milk,48.0
2121,2121,mothertongue,3.0
2122,2122,mothers-finest,
2123,2123,mothers-helper,109.0
2124,2124,motorbreath,25.0
2125,2125,mountain-girl,11.0
2126,2126,mountain-girl-x-grape-ape,
2127,2127,mountain-temple,
2128,2128,mountain-thunder,6.0
2129,2129,mozambique-poison,3.0
2130,2130,mr-nice,780.0
2131,2131,mr-tusk,7.0
2132,2132,ms-universe,14.0
2133,2133,mt-cook,4.0
2134,2134,mt-hood-magic,72.0
2135,2135,mt-rainier,15.0
2136,2136,mountain-thunder,6.0
2137,2137,mozambique-poison,3.0
2138,2138,mr-nice,780.0
2139,2139,mr-tusk,7.0
2140,2140,ms-universe,14.0
2141,2141,mt-cook,4.0
2142,2142,mt-hood-magic,72.0
2143,2143,mt-rainier,15.0
2144,2144,mud-bite,6.0
2145,2145,murkle,
2146,2146,mystery-98,7.0
2147,2147,mystery-jazz,3.0
2148,2148,nl5-haze-mist,9.0
2149,2149,ny-cheese,17.0
2150,2150,ny-47,13.0
2151,2151,nyc-diesel,878.0
2152,2152,nypd,56.0
2153,2153,nanas-fix,6.0
2154,2154,narnia,60.0
2155,2155,nchoosha-y,
2156,2156,nebula,268.0
2157,2157,nebula-ii-cbd,29.0
2158,2158,nectarine-lips,
2159,2159,negra-44,6.0
2160,2160,neil-haze,1.0
2161,2161,nepalese,47.0
2162,2162,nepalese-jam,6.0
2163,2163,neptune-kush,
2164,2164,neptune-og,40.0
2165,2165,neroli-91,
2166,2166,nevils-wreck,12.0
2167,2167,nevilles-haze,95.0
2168,2168,new-glue,117.0
2169,2169,newberry,
2170,2170,nexus-og,4.0
2171,2171,nice-cherry,14.0
2172,2172,nicole-kush,20.0
2173,2173,night-nurse,64.0
2174,2174,night-terror-og,107.0
2175,2175,night-train,12.0
2176,2176,nightfire-og,32.0
2177,2177,nightmare-cookies,50.0
2178,2178,nightmare-og,4.0
2179,2179,nina-limone,9.0
2180,2180,ninja-fruit,37.0
2181,2181,nor-cal-purps,
2182,2182,nordle,73.0
2183,2183,north-american,11.0
2184,2184,north-american-sativa,8.0
2185,2185,north-indian,4.0
2186,2186,northernberry,54.0
2187,2187,northern-cross,
2188,2188,northern-lights,2914.0
2189,2189,northern-lights--5,179.0
2190,2190,northern-lights-5-x-haze,40.0
2191,2191,northern-skunk,50.0
2192,2192,north-american-sativa,8.0
2193,2193,north-indian,4.0
2194,2194,northernberry,54.0
2195,2195,northern-cross,
2196,2196,northern-lights,2914.0
2197,2197,northern-lights--5,179.0
2198,2198,northern-lights-5-x-haze,40.0
2199,2199,northern-skunk,50.0
2200,2200,northern-wreck,80.0
2201,2201,northwest-pineapple,
2202,2202,nova,
2203,2203,nuclear-cookies,20.0
2204,2204,nuggetry-og,
2205,2205,nukeheads,9.0
2206,2206,nuken,206.0
2207,2207,nurse-jackie,38.0
2208,2208,oca-gold,
2209,2209,ocas-cloud-9,15.0
2210,2210,ocd,
2211,2211,og-18,359.0
2212,2212,og-1-kenobi,16.0
2213,2213,og-cheese,91.0
2214,2214,og-chem,145.0
2215,2215,og-diesel-kush,97.0
2216,2216,og-eddy-lepp,3.0
2217,2217,og-glue-sniffer,11.0
2218,2218,og-kush,5075.0
2219,2219,og-la-affie,30.0
2220,2220,og-lime-killer,4.0
2221,2221,og-los-angeles-kush,17.0
2222,2222,og-poison,40.0
2223,2223,og-purple-fire-thai,2.0
2224,2224,og-ringo,21.0
2225,2225,og-shark,136.0
2226,2226,og-skunk,48.0
2227,2227,og-sour-diesel,11.0
2228,2228,og-strawberry,28.0
2229,2229,og-strawberry-star-killer,
2230,2230,og-tonic,
2231,2231,og-wreck,55.0
2232,2232,ogs-pearl,25.0
2233,2233,ogkb,20.0
2234,2234,ogkz,2.0
2235,2235,ogiesel,69.0
2236,2236,obama-kush,663.0
2237,2237,ocean-view,17.0
2238,2238,odyssey,
2239,2239,ogre,305.0
2240,2240,ogre-berry,14.0
2241,2241,ol-betsy,1.0
2242,2242,old-dirty-biker,
2243,2243,old-lyme-connecticut-og,
2244,2244,old-mother-sativa,4.0
2245,2245,old-school-og,12.0
2246,2246,old-toby,10.0
2247,2247,oldtimers-haze,1.0
2248,2248,ogre-berry,14.0
2249,2249,ol-betsy,1.0
2250,2250,old-dirty-biker,
2251,2251,old-lyme-connecticut-og,
2252,2252,old-mother-sativa,4.0
2253,2253,old-school-og,12.0
2254,2254,old-toby,10.0
2255,2255,oldtimers-haze,1.0
2256,2256,omega,31.0
2257,2257,omega-dawg,24.0
2258,2258,one-to-one,18.0
2259,2259,opal-og-kush,18.0
2260,2260,opium,13.0
2261,2261,or,20.0
2262,2262,orange-afghani,
2263,2263,orange-blossom,20.0
2264,2264,orange-bud,237.0
2265,2265,orange-bud,
2266,2266,orange-cream,3.0
2267,2267,orange-creamsicle,81.0
2268,2268,orange-crush,480.0
2269,2269,orange-diesel,76.0
2270,2270,orange-dream,83.0
2271,2271,orange-durban,11.0
2272,2272,orange-fanta,
2273,2273,orange-harambe,5.0
2274,2274,orange-haze,153.0
2275,2275,orange-hill-special,10.0
2276,2276,orange-juice,42.0
2277,2277,orange-kush,717.0
2278,2278,orange-kush-breath,6.0
2279,2279,orange-poison,
2280,2280,orange-romulan,
2281,2281,orange-skunk,38.0
2282,2282,orange-snow-cone,2.0
2283,2283,orange-turbo,15.0
2284,2284,orange-velvet,61.0
2285,2285,orange-wreck,12.0
2286,2286,orangutang,3.0
2287,2287,oregon-diesel,89.0
2288,2288,oregon-pineapple,42.0
2289,2289,oregon-pinot-noir,14.0
2290,2290,organic-diesel,
2291,2291,orient-express,6.0
2292,2292,original-glue,3865.0
2293,2293,ortega,9.0
2294,2294,oteils-egyptian-kush,
2295,2295,outer-space,101.0
2296,2296,outlaw,16.0
2297,2297,ozma,
2298,2298,p-51,
2299,2299,p-91,23.0
2300,2300,pb-souffl,2.0
2301,2301,ptsd,
2302,2302,pvc-og,
2303,2303,pacific-blue,16.0
2304,2304,outlaw,16.0
2305,2305,ozma,
2306,2306,p-51,
2307,2307,p-91,23.0
2308,2308,pb-souffl,2.0
2309,2309,ptsd,
2310,2310,pvc-og,
2311,2311,pacific-blue,16.0
2312,2312,pacific-frost,6.0
2313,2313,pagoda,5.0
2314,2314,pakistan-valley-kush,20.0
2315,2315,pakistani-chitral-kush,85.0
2316,2316,palm-tree-cbd,26.0
2317,2317,pamelina,15.0
2318,2318,pan-jam,
2319,2319,panama-punch,23.0
2320,2320,panama-red,172.0
2321,2321,panda-og,31.0
2322,2322,pandoras-box,134.0
2323,2323,panzer-kush,
2324,2324,papas-og,119.0
2325,2325,papas-og,
2326,2326,paris-og,288.0
2327,2327,paris-xxx,
2328,2328,patti-cake,
2329,2329,peach-cobbler,5.0
2330,2330,peach-crescendo-f-1,5.0
2331,2331,peach-puree,2.0
2332,2332,peaches-and-cream,70.0
2333,2333,peachy-mack,3.0
2334,2334,pearl-scout-cookies,51.0
2335,2335,peles-fire-og,5.0
2336,2336,pennywise,359.0
2337,2337,peppermint-cookies,54.0
2338,2338,perfect-purple,
2339,2339,permafrost,372.0
2340,2340,pestilence,
2341,2341,petrolia-headstash,14.0
2342,2342,peyote-cookies,49.0
2343,2343,peyton-manning,
2344,2344,pez,43.0
2345,2345,phantom-arrow,3.0
2346,2346,phantom-cookies,209.0
2347,2347,phantom-og,123.0
2348,2348,phatt-frutty,
2349,2349,pheno-51,21.0
2350,2350,phishhead-kush,8.0
2351,2351,pie-face-og,64.0
2352,2352,pie-hoe,18.0
2353,2353,pine-cone,4.0
2354,2354,pine-queen-dream,
2355,2355,pine-tar-kush,53.0
2356,2356,pineapple,502.0
2357,2357,pineapple-calyx,
2358,2358,pineapple-calyx,
2359,2359,pineapple-cookies,12.0
2360,2360,pie-hoe,18.0
2361,2361,pine-cone,4.0
2362,2362,pine-queen-dream,
2363,2363,pine-tar-kush,53.0
2364,2364,pineapple,502.0
2365,2365,pineapple-calyx,
2366,2366,pineapple-calyx,
2367,2367,pineapple-cookies,12.0
2368,2368,pineapple-diesel,88.0
2369,2369,pineapple-dog-shit,36.0
2370,2370,pineapple-express,3287.0
2371,2371,pineapple-fields,37.0
2372,2372,pineapple-haze,81.0
2373,2373,pineapple-jack,113.0
2374,2374,pineapple-kush,613.0
2375,2375,pineapple-mayhem,2.0
2376,2376,pineapple-og,85.0
2377,2377,pineapple-punch,32.0
2378,2378,pineapple-purple-skunk,11.0
2379,2379,pineapple-purps,19.0
2380,2380,pineapple-sage-0c9f3c369b6a422f94ef911b8ba67373,
2381,2381,pineapple-sage,12.0
2382,2382,pineapple-skunk,105.0
2383,2383,pineapple-super-silver-haze,49.0
2384,2384,pineapple-thai,85.0
2385,2385,pineapple-trainwreck,210.0
2386,2386,pineapple-upside-down-cake,16.0
2387,2387,pineapple-zest,
2388,2388,pineberry,4.0
2389,2389,pinewarp,2.0
2390,2390,pink-berry,10.0
2391,2391,pink-bubba,58.0
2392,2392,pink-champagne,75.0
2393,2393,pink-cookies,79.0
2394,2394,pink-death-star,35.0
2395,2395,pink-hawaiian,6.0
2396,2396,pink-kush,641.0
2397,2397,pink-lemonade,93.0
2398,2398,pink-mango,13.0
2399,2399,pink-panther,84.0
2400,2400,pink-panties,23.0
2401,2401,pink-pez,
2402,2402,pink-starburst,30.0
2403,2403,pink-sunset,10.0
2404,2404,pinkman-goo,10.0
2405,2405,pinot-green,12.0
2406,2406,pirate-radio,
2407,2407,pitbull,168.0
2408,2408,pia-collision,
2409,2409,placenta,2.0
2410,2410,platinum-bubba-kush,374.0
2411,2411,platinum-calyx,
2412,2412,platinum-gsc,1193.0
2413,2413,platinum-huckleberry-cookies,33.0
2414,2414,platinum-kush,650.0
2415,2415,platinum-og,766.0
2416,2416,pia-collision,
2417,2417,placenta,2.0
2418,2418,platinum-bubba-kush,374.0
2419,2419,platinum-calyx,
2420,2420,platinum-gsc,1193.0
2421,2421,platinum-huckleberry-cookies,33.0
2422,2422,platinum-kush,650.0
2423,2423,platinum-og,766.0
2424,2424,platinum-purple-kush,139.0
2425,2425,platinum-sour-diesel,10.0
2426,2426,platinum-wreck,91.0
2427,2427,plum-dawg-millionaire,
2428,2428,plushberry,287.0
2429,2429,pluto-kush,23.0
2430,2430,poison-haze,13.0
2431,2431,pokie,
2432,2432,poochie-love,10.0
2433,2433,pop-rox,
2434,2434,popcorn-kush,75.0
2435,2435,pot-of-gold,164.0
2436,2436,powderhound,2.0
2437,2437,power-kush,107.0
2438,2438,power-plant,331.0
2439,2439,power-purps,
2440,2440,powernap,
2441,2441,prayer-tower,
2442,2442,pre-98-bubba-kush,504.0
2443,2443,predator-pink,35.0
2444,2444,presidential-og,359.0
2445,2445,prevention,4.0
2446,2446,primus,103.0
2447,2447,princess,3.0
2448,2448,princesss-tiara,
2449,2449,prismatic-jack,
2450,2450,professor-chaos,35.0
2451,2451,project-blue-book,12.0
2452,2452,project-blue-book,
2453,2453,puna-buddaz,6.0
2454,2454,puna-budder,14.0
2455,2455,punky-lion,27.0
2456,2456,punto-rojo-tierra-adentro,
2457,2457,punxsy-punch,13.0
2458,2458,pura-vida,4.0
2459,2459,pure-afghan,57.0
2460,2460,pure-kush,310.0
2461,2461,pure-love,19.0
2462,2462,pure-og,78.0
2463,2463,pure-power-plant,237.0
2464,2464,purple-ak-47,72.0
2465,2465,purple-afghani,92.0
2466,2466,purple-alien-og,126.0
2467,2467,purple-alien-og,
2468,2468,purple-arrow,104.0
2469,2469,purple-aurora,4.0
2470,2470,purple-berry,85.0
2471,2471,purple-berry-skunk,2.0
2472,2472,purple-ak-47,72.0
2473,2473,purple-afghani,92.0
2474,2474,purple-alien-og,126.0
2475,2475,purple-alien-og,
2476,2476,purple-arrow,104.0
2477,2477,purple-aurora,4.0
2478,2478,purple-berry,85.0
2479,2479,purple-berry-skunk,2.0
2480,2480,purple-bubba,38.0
2481,2481,purple-bud,23.0
2482,2482,purple-buddha,49.0
2483,2483,purple-bush,14.0
2484,2484,purple-candy,252.0
2485,2485,purple-champagne,49.0
2486,2486,purple-cheddar,30.0
2487,2487,purple-cheese,76.0
2488,2488,purple-chemdawg,143.0
2489,2489,purple-cotton-candy,35.0
2490,2490,purple-cow,
2491,2491,purple-crack,84.0
2492,2492,purple-cream,81.0
2493,2493,purple-diesel,510.0
2494,2494,purple-dog-shit,19.0
2495,2495,purple-dragon,150.0
2496,2496,purple-dream,260.0
2497,2497,purple-elephant,109.0
2498,2498,purple-frost,10.0
2499,2499,purple-glue,9.0
2500,2500,purple-goat,4.0
2501,2501,purple-goo,71.0
2502,2502,purple-gorilla,142.0
2503,2503,purple-happy-rancher,54.0
2504,2504,purple-hashplant,29.0
2505,2505,purple-haze,1040.0
2506,2506,purple-headband,39.0
2507,2507,purple-hindu-kush,221.0
2508,2508,purple-ice,42.0
2509,2509,purple-jack,43.0
2510,2510,purple-killer,6.0
2511,2511,purple-kush,2087.0
2512,2512,purple-linda,3.0
2513,2513,purple-martian-kush,15.0
2514,2514,purple-maui,15.0
2515,2515,purple-monkey-balls,99.0
2516,2516,purple-moss,
2517,2517,purple-mr-nice,149.0
2518,2518,purple-nepal,65.0
2519,2519,purple-og-kush,359.0
2520,2520,purple-pantera,5.0
2521,2521,purple-panty-dropper,53.0
2522,2522,purple-paralysis,33.0
2523,2523,purple-passion,63.0
2524,2524,purple-people-eater,21.0
2525,2525,purple-pie,4.0
2526,2526,purple-pinecone,13.0
2527,2527,purple-power,20.0
2528,2528,purple-pantera,5.0
2529,2529,purple-panty-dropper,53.0
2530,2530,purple-paralysis,33.0
2531,2531,purple-passion,63.0
2532,2532,purple-people-eater,21.0
2533,2533,purple-pie,4.0
2534,2534,purple-pinecone,13.0
2535,2535,purple-power,20.0
2536,2536,purple-prevention,
2537,2537,purple-princess,78.0
2538,2538,purple-punch,575.0
2539,2539,purple-raine,26.0
2540,2540,purple-rhino,32.0
2541,2541,purple-sage,
2542,2542,purple-skunk,92.0
2543,2543,purple-sour-diesel,253.0
2544,2544,purple-star,30.0
2545,2545,purple-swish,5.0
2546,2546,purple-tangie,47.0
2547,2547,purple-tears,
2548,2548,purple-thai,40.0
2549,2549,purple-tide,1.0
2550,2550,purple-tonic,6.0
2551,2551,purple-trainwreck,617.0
2552,2552,purple-urkle,1179.0
2553,2553,purple-voodoo,90.0
2554,2554,purple-widow,31.0
2555,2555,purple-wreck,166.0
2556,2556,q3,
2557,2557,qleaner,36.0
2558,2558,qrazy-train,167.0
2559,2559,quad-dawg,2.0
2560,2560,quantum-kush,245.0
2561,2561,quebec-gold,16.0
2562,2562,queen-mother-goji,10.0
2563,2563,queens-panties,7.0
2564,2564,querkle,233.0
2565,2565,querkle,
2566,2566,quin-n-tonic,14.0
2567,2567,quiver-killer-kush,
2568,2568,qush,12.0
2569,2569,r-4,4.0
2570,2570,rks,
2571,2571,race-fuel-og,35.0
2572,2572,rafael,1.0
2573,2573,rainbow,117.0
2574,2574,rainbow-jones,16.0
2575,2575,raindance,28.0
2576,2576,ramses,1.0
2577,2577,rare-dankness-1,22.0
2578,2578,rare-darkness,129.0
2579,2579,raskal-og,119.0
2580,2580,raspberry-cough,110.0
2581,2581,raspberry-diesel,4.0
2582,2582,raspberry-kush,359.0
2583,2583,raspberry-tart,
2584,2584,ramses,1.0
2585,2585,rare-dankness-1,22.0
2586,2586,rare-darkness,129.0
2587,2587,raskal-og,119.0
2588,2588,raspberry-cough,110.0
2589,2589,raspberry-diesel,4.0
2590,2590,raspberry-kush,359.0
2591,2591,raspberry-tart,
2592,2592,raw-diesel,12.0
2593,2593,ray-charles,47.0
2594,2594,rebel-berry-og,9.0
2595,2595,rebel-god-smoke,
2596,2596,rebel-tangie-kandy,1.0
2597,2597,reclining-buddha,13.0
2598,2598,recon,104.0
2599,2599,red-cherry-berry,34.0
2600,2600,red-congolese,213.0
2601,2601,red-diesel,73.0
2602,2602,red-dragon,333.0
2603,2603,red-dwarf,27.0
2604,2604,red-eye-og,34.0
2605,2605,red-haze,42.0
2606,2606,red-headed-stranger,173.0
2607,2607,red-poison,32.0
2608,2608,red-rhino,2.0
2609,2609,red-velvet-pie,7.0
2610,2610,red-widow,10.0
2611,2611,redd-cross,5.0
2612,2612,redding-og,
2613,2613,redwood-kush,200.0
2614,2614,remedy,111.0
2615,2615,remo-chemo,3.0
2616,2616,rene,
2617,2617,rene-mist,
2618,2618,revival,
2619,2619,richie-rich,4.0
2620,2620,riddler-og,
2621,2621,ridge-berry,
2622,2622,rigger-kush,
2623,2623,ringos-gift,117.0
2624,2624,rip-city-purps,6.0
2625,2625,ripped-bubba,79.0
2626,2626,rise-n-shine,4.0
2627,2627,river-song,3.0
2628,2628,road-dawg,13.0
2629,2629,rob-ford-kush,11.0
2630,2630,robert-plant,4.0
2631,2631,rockbud,13.0
2632,2632,rocket-fuel,21.0
2633,2633,rocklock,59.0
2634,2634,rockstar,327.0
2635,2635,rockstar-kush,84.0
2636,2636,rockstar-master-kush,27.0
2637,2637,rocky-dennis,29.0
2638,2638,rocky-mountain-blueberry,17.0
2639,2639,rocky-mountain-high,19.0
2640,2640,rocket-fuel,21.0
2641,2641,rocklock,59.0
2642,2642,rockstar,327.0
2643,2643,rockstar-kush,84.0
2644,2644,rockstar-master-kush,27.0
2645,2645,rocky-dennis,29.0
2646,2646,rocky-mountain-blueberry,17.0
2647,2647,rocky-mountain-high,19.0
2648,2648,rollex-og-kush,55.0
2649,2649,rolls-choice,55.0
2650,2650,romping-goddess,
2651,2651,romulan,811.0
2652,2652,romulan-grapefruit,73.0
2653,2653,romulan-haze,8.0
2654,2654,root-beer-kush,35.0
2655,2655,rose-bud,22.0
2656,2656,royal-chemdawg,16.0
2657,2657,royal-dwarf,15.0
2658,2658,royal-haze,29.0
2659,2659,royal-highness,43.0
2660,2660,royal-kush,187.0
2661,2661,royal-salute,
2662,2662,royal-tree-sherbet,
2663,2663,roz,5.0
2664,2664,rubicon,23.0
2665,2665,rudeboi-og,71.0
2666,2666,rug-burn-og,121.0
2667,2667,russian-assassin,21.0
2668,2668,russian-doll,6.0
2669,2669,russian-rocket-fuel,25.0
2670,2670,russian-roulette,1.0
2671,2671,sage,276.0
2672,2672,sage-walker,2.0
2673,2673,sfv-dog,23.0
2674,2674,sfv-og,672.0
2675,2675,sfv-og-kush,208.0
2676,2676,sfv-og-kush,
2677,2677,safety-meeting,3.0
2678,2678,sage-n-sour,219.0
2679,2679,salmon-river-og,66.0
2680,2680,samoa-kush,
2681,2681,santa-maria,90.0
2682,2682,santa-sativa,6.0
2683,2683,sapphire-cherries,
2684,2684,sapphire-scout,14.0
2685,2685,sapphire-star,24.0
2686,2686,sasquatch-sap,9.0
2687,2687,satellite-og,43.0
2688,2688,satori,67.0
2689,2689,satsuma,2.0
2690,2690,saturn-og,40.0
2691,2691,savage-citrus-sunshine,2.0
2692,2692,savants-grail,4.0
2693,2693,schrom,28.0
2694,2694,scooby-snack,177.0
2695,2695,scotts-og,120.0
2696,2696,satori,67.0
2697,2697,satsuma,2.0
2698,2698,saturn-og,40.0
2699,2699,savage-citrus-sunshine,2.0
2700,2700,savants-grail,4.0
2701,2701,schrom,28.0
2702,2702,scooby-snack,177.0
2703,2703,scotts-og,120.0
2704,2704,scouts-honor,19.0
2705,2705,scroopy-noopers,9.0
2706,2706,seattle-blue,20.0
2707,2707,seattle-cough,52.0
2708,2708,seattle-summer,2.0
2709,2709,seattlesoda,8.0
2710,2710,secret-garden-og,3.0
2711,2711,secret-recipe,52.0
2712,2712,sensi-skunk,36.0
2713,2713,sensi-star,633.0
2714,2714,sequoia-strawberry,24.0
2715,2715,sergerbloom-haze,
2716,2716,serious-6,20.0
2717,2717,serious-happiness,15.0
2718,2718,sexxpot,18.0
2719,2719,shaman,36.0
2720,2720,shamans-dream,
2721,2721,shangri-la,42.0
2722,2722,shark-attack,16.0
2723,2723,shark-bite,13.0
2724,2724,shark-shock,226.0
2725,2725,sharks-breath,84.0
2726,2726,sunset-sherbert,1113.0
2727,2727,shiatsu-kush,58.0
2728,2728,shining-silver-haze,9.0
2729,2729,shipwreck,92.0
2730,2730,shishkaberry,333.0
2731,2731,shiskaquine,
2732,2732,shiva-skunk,100.0
2733,2733,shoreline,95.0
2734,2734,shurman,9.0
2735,2735,siddharthas-dream,
2736,2736,sidetracked,3.0
2737,2737,sierra-mist,13.0
2738,2738,silver-back,11.0
2739,2739,silver-bubble,61.0
2740,2740,silver-calyx,
2741,2741,silver-cindy,1.0
2742,2742,silver-haze,686.0
2743,2743,silver-kush,98.0
2744,2744,silver-mountain,6.0
2745,2745,silver-nina,
2746,2746,silver-pearl,73.0
2747,2747,silver-surfer,64.0
2748,2748,silver-train,22.0
2749,2749,silverback-gorilla,131.0
2750,2750,silverfalls-kush,
2751,2751,silverhawks-og,11.0
2752,2752,silver-mountain,6.0
2753,2753,silver-nina,
2754,2754,silver-pearl,73.0
2755,2755,silver-surfer,64.0
2756,2756,silver-train,22.0
2757,2757,silverback-gorilla,131.0
2758,2758,silverfalls-kush,
2759,2759,silverhawks-og,11.0
2760,2760,sin-city-kush,15.0
2761,2761,sin-valley-og,46.0
2762,2762,sinmint-cookies,81.0
2763,2763,sinai,
2764,2764,sirius-black,59.0
2765,2765,sister-glue,491.0
2766,2766,six-shooter,7.0
2767,2767,sizzurp,4.0
2768,2768,skins-skunk,
2769,2769,skunk-47,28.0
2770,2770,skunk-dawg,31.0
2771,2771,skunk-haze,71.0
2772,2772,skunk-1,439.0
2773,2773,skunk-plus,5.0
2774,2774,skunkberry,76.0
2775,2775,skunky-diesel,
2776,2776,sky-lotus,10.0
2777,2777,sky-master,15.0
2778,2778,skydog,
2779,2779,skywalker-alien,82.0
2780,2780,slazerbeam,17.0
2781,2781,sleeskunk,13.0
2782,2782,sleestack,23.0
2783,2783,slice-of-heaven,
2784,2784,slimer-og,24.0
2785,2785,slurpie,1.0
2786,2786,smelliot,
2787,2787,smooth-operator,
2788,2788,snoop-dogg-og,135.0
2789,2789,snoop-s-dream,351.0
2790,2790,snow-bud,43.0
2791,2791,snow-diesel,9.0
2792,2792,snow-goddess,4.0
2793,2793,snow-leopard,49.0
2794,2794,snow-lotus,28.0
2795,2795,snow-monster,34.0
2796,2796,snow-mountain,3.0
2797,2797,snow-ryder,1.0
2798,2798,snow-white,150.0
2799,2799,snowland,42.0
2800,2800,snowcap,488.0
2801,2801,sojay-haze,58.0
2802,2802,solos-stash,
2803,2803,somango,129.0
2804,2804,sonic-screwdriver,20.0
2805,2805,sonoma-coma,27.0
2806,2806,soraya,
2807,2807,sorbet-4,
2808,2808,snowcap,488.0
2809,2809,sojay-haze,58.0
2810,2810,solos-stash,
2811,2811,somango,129.0
2812,2812,sonic-screwdriver,20.0
2813,2813,sonoma-coma,27.0
2814,2814,soraya,
2815,2815,sorbet-4,
2816,2816,sorbet-dreams,
2817,2817,sorbet-stash,
2818,2818,sorbetto,3.0
2819,2819,sorcerers-apprentice,
2820,2820,soul-assassin-og,41.0
2821,2821,soul-shine,
2822,2822,soulshine-aloha,2.0
2823,2823,sour-alien,124.0
2824,2824,sour-amnesia,109.0
2825,2825,sour-ape,12.0
2826,2826,sour-apple,220.0
2827,2827,sour-banana-sherbet,159.0
2828,2828,sour-blueberry,9.0
2829,2829,sour-boggle,
2830,2830,sour-breath,17.0
2831,2831,sour-bubba,29.0
2832,2832,sour-bubble,42.0
2833,2833,sour-candy,46.0
2834,2834,sour-chees,118.0
2835,2835,sour-cherry-sherbert,16.0
2836,2836,sour-chocolate,
2837,2837,sour-chunk,12.0
2838,2838,sour-cookies,92.0
2839,2839,sour-cream,85.0
2840,2840,sour-diesel,7317.0
2841,2841,sour-dream,121.0
2842,2842,sour-dubble,19.0
2843,2843,sour-flower,40.0
2844,2844,sour-grape,191.0
2845,2845,sour-haze,68.0
2846,2846,sour-headband,33.0
2847,2847,sour-jack,182.0
2848,2848,sour-jilly,21.0
2849,2849,sour-joker,58.0
2850,2850,sour-kosher,1.0
2851,2851,sour-kush,579.0
2852,2852,sour-lsd,29.0
2853,2853,sour-lemon-og,94.0
2854,2854,sour-lemons,
2855,2855,sour-lifesavers,
2856,2856,sour-maui,49.0
2857,2857,sour-og,669.0
2858,2858,sour-patch-kiss,33.0
2859,2859,sour-pebbles,35.0
2860,2860,sour-poison,21.0
2861,2861,sour-power,44.0
2862,2862,sour-power-og,7.0
2863,2863,sour-sorbet,
2864,2864,sour-maui,49.0
2865,2865,sour-og,669.0
2866,2866,sour-patch-kiss,33.0
2867,2867,sour-pebbles,35.0
2868,2868,sour-poison,21.0
2869,2869,sour-power,44.0
2870,2870,sour-power-og,7.0
2871,2871,sour-sorbet,
2872,2872,sour-space-candy,4.0
2873,2873,sour-spyder,4.0
2874,2874,sour-star-head,5.0
2875,2875,sour-strawberry,3.0
2876,2876,sour-strawberry-diesel,59.0
2877,2877,sour-sunset,45.0
2878,2878,sour-tangie,520.0
2879,2879,sour-tsunami,232.0
2880,2880,sour-urkle,57.0
2881,2881,sour-willie,41.0
2882,2882,sourlope,
2883,2883,south-american,27.0
2884,2884,south-asian,4.0
2885,2885,south-asian-sativa,2.0
2886,2886,south-central-la,
2887,2887,south-indian-indica,5.0
2888,2888,south-indian,11.0
2889,2889,southern-lights,9.0
2890,2890,space-bomb,96.0
2891,2891,space-cake,9.0
2892,2892,space-candy,94.0
2893,2893,space-cream,25.0
2894,2894,space-dawg,49.0
2895,2895,space-jill,24.0
2896,2896,space-monster,
2897,2897,space-needle,12.0
2898,2898,space-poison,
2899,2899,space-queen,567.0
2900,2900,special-k,
2901,2901,special-kush-1,17.0
2902,2902,special-sauce,7.0
2903,2903,spicy-disco,1.0
2904,2904,spiked-punch,4.0
2905,2905,spirit-of-76,30.0
2906,2906,spliffs-strawberry,5.0
2907,2907,spoetnik-1,5.0
2908,2908,spumoni,1.0
2909,2909,sputnik,19.0
2910,2910,spyder-mon,
2911,2911,star-47,3.0
2912,2912,star-berry,12.0
2913,2913,star-killer,234.0
2914,2914,star-master-kush,19.0
2915,2915,star-pupil,12.0
2916,2916,star-tonic,36.0
2917,2917,starbud,57.0
2918,2918,stardawg,493.0
2919,2919,stardawg-91,
2920,2920,star-berry,12.0
2921,2921,star-killer,234.0
2922,2922,star-master-kush,19.0
2923,2923,star-pupil,12.0
2924,2924,star-tonic,36.0
2925,2925,starbud,57.0
2926,2926,stardawg,493.0
2927,2927,stardawg-91,
2928,2928,stardawg-guava,51.0
2929,2929,starfighter,52.0
2930,2930,starman,1.0
2931,2931,starry-night,21.0
2932,2932,stashsquatch,
2933,2933,stella-blue,24.0
2934,2934,stephen-hawking-kush,53.0
2935,2935,stevie-wonder,22.0
2936,2936,stinky-pete,5.0
2937,2937,stoopid-fruits,2.0
2938,2938,straight-as-haze,
2939,2939,strange-brew,
2940,2940,strawberries--cream,
2941,2941,strawberry,172.0
2942,2942,strawberry-alien-kush,2.0
2943,2943,strawberry-amnesia,47.0
2944,2944,strawberry-banana,429.0
2945,2945,strawberry-blonde,14.0
2946,2946,strawberry-blondie,27.0
2947,2947,strawberry-blue,54.0
2948,2948,strawberry-cheesecake,151.0
2949,2949,strawberry-cough,2254.0
2950,2950,strawberry-diesel,288.0
2951,2951,strawberry-dream,64.0
2952,2952,strawberry-durban-diesel,6.0
2953,2953,strawberry-fields,146.0
2954,2954,strawberry-frost,8.0
2955,2955,strawberry-ice,64.0
2956,2956,strawberry-kush,391.0
2957,2957,strawberry-lemonade,183.0
2958,2958,strawberry-lemonade,
2959,2959,strawberry-milkshake,14.0
2960,2960,strawberry-og,46.0
2961,2961,strawberry-satori,25.0
2962,2962,strawberry-shortcake,28.0
2963,2963,strawberry-snow-cone,5.0
2964,2964,strawberry-sorbet,
2965,2965,sublime,23.0
2966,2966,sugar-black-rose,224.0
2967,2967,sugar-breath,1.0
2968,2968,sugar-calyx,
2969,2969,sugar-cookie,208.0
2970,2970,sugar-kush,69.0
2971,2971,sugar-mama,21.0
2972,2972,sugar-pine,3.0
2973,2973,sugar-plum,50.0
2974,2974,joliet-jake,45.0
2975,2975,sugar-punch,25.0
2976,2976,sugar-calyx,
2977,2977,sugar-cookie,208.0
2978,2978,sugar-kush,69.0
2979,2979,sugar-mama,21.0
2980,2980,sugar-pine,3.0
2981,2981,sugar-plum,50.0
2982,2982,joliet-jake,45.0
2983,2983,sugar-punch,25.0
2984,2984,sugar-shack,108.0
2985,2985,suicide-girl,
2986,2986,summer-breeze,7.0
2987,2987,summertime-squeeze,
2988,2988,sumo-grande,7.0
2989,2989,sumo-og-kush,
2990,2990,sun-ra,8.0
2991,2991,sunburn,41.0
2992,2992,sundae-driver,61.0
2993,2993,sunlight-skunk,
2994,2994,sunny-d,10.0
2995,2995,sunset,34.0
2996,2996,sunset-fire,
2997,2997,sunset-haze,11.0
2998,2998,sunshine,69.0
2999,2999,sunshine-4,55.0
3000,3000,sunshine-daydream,86.0
3001,3001,supa-don,
3002,3002,super-chronic,6.0
3003,3003,super-blue-dream,233.0
3004,3004,super-bud,18.0
3005,3005,super-cat-piss,11.0
3006,3006,super-cheese,37.0
3007,3007,super-g,7.0
3008,3008,super-glu,8.0
3009,3009,super-green-crack,107.0
3010,3010,super-jack,193.0
3011,3011,super-kush,83.0
3012,3012,super-lemon-haze,1939.0
3013,3013,super-lemon-og,71.0
3014,3014,super-silver-bullet,1.0
3015,3015,super-silver-hash-plant,1.0
3016,3016,super-silver-haze,1988.0
3017,3017,super-silver-lights,
3018,3018,super-silver-lights,
3019,3019,super-snow-dog,103.0
3020,3020,super-snow-lotus,3.0
3021,3021,super-sour-diesel,522.0
3022,3022,super-sour-lemon,7.0
3023,3023,super-sour-og,46.0
3024,3024,super-sour-skunk,60.0
3025,3025,super-sour-widow,30.0
3026,3026,super-sweet,55.0
3027,3027,supergirl,18.0
3028,3028,superglue,305.0
3029,3029,superman-og,208.0
3030,3030,supermax-og,46.0
3031,3031,supernatural,20.0
3032,3032,super-sour-skunk,60.0
3033,3033,super-sour-widow,30.0
3034,3034,super-sweet,55.0
3035,3035,supergirl,18.0
3036,3036,superglue,305.0
3037,3037,superman-og,208.0
3038,3038,supermax-og,46.0
3039,3039,supernatural,20.0
3040,3040,supernova,50.0
3041,3041,superstar,21.0
3042,3042,suver-haze,9.0
3043,3043,suzy-q,31.0
3044,3044,swazi-gold,78.0
3045,3045,sweet--sour-cindy,2.0
3046,3046,sweet-amnesia-haze,3.0
3047,3047,sweet-baby-jane,
3048,3048,sweet-berry,10.0
3049,3049,sweet-black-angel,36.0
3050,3050,sweet-cheese,92.0
3051,3051,sweet-cindy,
3052,3052,sweet-deep-grapefruit,24.0
3053,3053,sweet-diesel,85.0
3054,3054,sweet-dream,13.0
3055,3055,sweet-dreams,43.0
3056,3056,sweet-dreams-b44e9f5d217a4d5eba9365ffa0047a94,5.0
3057,3057,sweet-harlem-diesel,5.0
3058,3058,sweet-hawaiian-tangie-banana,2.0
3059,3059,sweet-jane,11.0
3060,3060,sweet-jesus,9.0
3061,3061,sweet-kush,87.0
3062,3062,sweet-lafayette,
3063,3063,sweet-nina,
3064,3064,sweet-pebbles,10.0
3065,3065,sweet-pure-cbd,2.0
3066,3066,sweet-skunk,13.0
3067,3067,sweet-tooth,591.0
3068,3068,sweet-valley-kush,1.0
3069,3069,sweet-and-sour-widow,48.0
3070,3070,sweeties,9.0
3071,3071,swiss-bliss,
3072,3072,swiss-gold,
3073,3073,swiss,8.0
3074,3074,swiss-sativa,
3075,3075,swiss-tsunami,21.0
3076,3076,thc-bomb,224.0
3077,3077,tjs-cbd,21.0
3078,3078,tachllta-till,
3079,3079,tahoe-alien,64.0
3080,3080,tahoe-frostbite,2.0
3081,3081,tahoe-hydro-champagne,4.0
3082,3082,tahoe-hydro-og,13.0
3083,3083,tahoe-hydro-og,
3084,3084,tahoe-purps,
3085,3085,taliban-poison,6.0
3086,3086,tangelo,12.0
3087,3087,tangelo-kush,
3088,3088,tahoe-frostbite,2.0
3089,3089,tahoe-hydro-champagne,4.0
3090,3090,tahoe-hydro-og,13.0
3091,3091,tahoe-hydro-og,
3092,3092,tahoe-purps,
3093,3093,taliban-poison,6.0
3094,3094,tangelo,12.0
3095,3095,tangelo-kush,
3096,3096,tangenesia,
3097,3097,tangerine,201.0
3098,3098,tangerine-dream,879.0
3099,3099,tangerine-haze,206.0
3100,3100,tangerine-kush,250.0
3101,3101,tangerine-man,17.0
3102,3102,tangerine-power,93.0
3103,3103,tangerine-sunrise,10.0
3104,3104,tangerine-trainwreck-haze,6.0
3105,3105,tangie,1047.0
3106,3106,tangie-biscotti,37.0
3107,3107,tangie-cookies,38.0
3108,3108,tangie-dream,19.0
3109,3109,tangie-ghost-train,7.0
3110,3110,tangie-sunrise,8.0
3111,3111,tangier-chilly,
3112,3112,tangilope,132.0
3113,3113,tango-kush,9.0
3114,3114,tardis,22.0
3115,3115,tarmonster,
3116,3116,tembo-kush,
3117,3117,terminator-og,12.0
3118,3118,tesla,10.0
3119,3119,tesla-tower,6.0
3120,3120,thai,137.0
3121,3121,thai-fantasy,1.0
3122,3122,thai-girl,
3123,3123,thai-haze,
3124,3124,thai-lights,39.0
3125,3125,thai-tanic,
3126,3126,thaidal-wave,5.0
3127,3127,the-big-dirty,3.0
3128,3128,the-black,75.0
3129,3129,the-bling,
3130,3130,the-blintz,
3131,3131,the-blood,18.0
3132,3132,the-boss,
3133,3133,the-brotherhood,9.0
3134,3134,the-cbg-blend,1.0
3135,3135,the-cough,31.0
3136,3136,the-doctor,34.0
3137,3137,the-flav,47.0
3138,3138,the-forbidden-candy,5.0
3139,3139,the-fork,
3140,3140,the-fuzz,2.0
3141,3141,the-gift,9.0
3142,3142,the-grunk,42.0
3143,3143,the-guice,2.0
3144,3144,the-doctor,34.0
3145,3145,the-flav,47.0
3146,3146,the-forbidden-candy,5.0
3147,3147,the-fork,
3148,3148,the-fuzz,2.0
3149,3149,the-gift,9.0
3150,3150,the-grunk,42.0
3151,3151,the-guice,2.0
3152,3152,hog,125.0
3153,3153,the-lime,3.0
3154,3154,the-loops,5.0
3155,3155,the-ox,20.0
3156,3156,the-one,35.0
3157,3157,the-ooze,6.0
3158,3158,the-original-lemonnade,4.0
3159,3159,the-real-mccoy,4.0
3160,3160,the-sauce,52.0
3161,3161,the-sheriff,1.0
3162,3162,the-sister,7.0
3163,3163,the-third-dimension,38.0
3164,3164,the-truth,92.0
3165,3165,the-vision,10.0
3166,3166,the-void,59.0
3167,3167,the-void,
3168,3168,the-white-angel,6.0
3169,3169,the-wife,39.0
3170,3170,the-wills,
3171,3171,thelonious-skunk,11.0
3172,3172,thelonious-skunk,
3173,3173,think-different,30.0
3174,3174,thors-hammer,23.0
3175,3175,three-blue-kings,2.0
3176,3176,throwback-kush,
3177,3177,thunderbird-rose,14.0
3178,3178,thunderstruck,16.0
3179,3179,tickle-kush,10.0
3180,3180,tiger-woods,
3181,3181,tigers-milk,115.0
3182,3182,tigermelon,7.0
3183,3183,tillamook-strawberry,22.0
3184,3184,timewreck,139.0
3185,3185,tina,9.0
3186,3186,tina-danza,36.0
3187,3187,titans-haze,
3188,3188,tokyo-og,39.0
3189,3189,tommys-home-grown,
3190,3190,tonics-web,
3191,3191,tora-bora,100.0
3192,3192,toxic,7.0
3193,3193,toxic-punch,
3194,3194,training-day,60.0
3195,3195,trainwreck,2794.0
3196,3196,tranquil-elephantizer-remix,39.0
3197,3197,transformer,
3198,3198,trap-star,16.0
3199,3199,trash,
3200,3200,toxic,7.0
3201,3201,toxic-punch,
3202,3202,training-day,60.0
3203,3203,trainwreck,2794.0
3204,3204,tranquil-elephantizer-remix,39.0
3205,3205,transformer,
3206,3206,trap-star,16.0
3207,3207,trash,
3208,3208,travel-joint,
3209,3209,treasure-island,25.0
3210,3210,tree-of-life,13.0
3211,3211,tres-dawg,31.0
3212,3212,trewbacca,1.0
3213,3213,triangle-kush,130.0
3214,3214,trident,26.0
3215,3215,trifecta,9.0
3216,3216,trinity,175.0
3217,3217,triple-cheese,29.0
3218,3218,triple-diesel,66.0
3219,3219,triple-scoop,
3220,3220,trix,18.0
3221,3221,trophy-wife,1.0
3222,3222,tropic-thunder,22.0
3223,3223,tropical-tang,20.0
3224,3224,tropicali,31.0
3225,3225,tropicana-cookies,55.0
3226,3226,tropicana-punch,2.0
3227,3227,true-face,
3228,3228,true-love,
3229,3229,true-og,435.0
3230,3230,true-x,4.0
3231,3231,trueberry,15.0
3232,3232,truffle-butter,10.0
3233,3233,truffula-tree,1.0
3234,3234,truth-serum,
3235,3235,tuna-kush,75.0
3236,3236,tuna-og,3.0
3237,3237,turbo-mind-warp,
3238,3238,tutankhamon,195.0
3239,3239,tutti-frutti,80.0
3240,3240,twista,17.0
3241,3241,twisted-citrus,34.0
3242,3242,two-beards,
3243,3243,tyson,50.0
3244,3244,u2-kush,39.0
3245,3245,uk-cheese,573.0
3246,3246,uw,128.0
3247,3247,ultimate-trainwreck,36.0
3248,3248,ultra-banana,5.0
3249,3249,ultra-sonja,26.0
3250,3250,ultra-sour,32.0
3251,3251,ultraviolet-og,34.0
3252,3252,urkle-train-haze,49.0
3253,3253,vcdc,42.0
3254,3254,az-super-sour-og,21.0
3255,3255,vader-og,27.0
3256,3256,ultra-banana,5.0
3257,3257,ultra-sonja,26.0
3258,3258,ultra-sour,32.0
3259,3259,ultraviolet-og,34.0
3260,3260,urkle-train-haze,49.0
3261,3261,vcdc,42.0
3262,3262,az-super-sour-og,21.0
3263,3263,vader-og,27.0
3264,3264,valentine-x,21.0
3265,3265,valley-ghash,8.0
3266,3266,valley-girl,38.0
3267,3267,vanilla-frosting,4.0
3268,3268,vanilla-gorilla,8.0
3269,3269,vanilla-kush,489.0
3270,3270,vanilluna,
3271,3271,velvet-bud,13.0
3272,3272,velvet-krush,
3273,3273,velvet-purps,5.0
3274,3274,venice-og,33.0
3275,3275,venom-og,166.0
3276,3276,venus-og,9.0
3277,3277,verde-electric,43.0
3278,3278,versace,28.0
3279,3279,very-berry-haze,53.0
3280,3280,very-cherry,2.0
3281,3281,vietnamese-bubba,2.0
3282,3282,violator-kush,303.0
3283,3283,violet-delight,65.0
3284,3284,violeta,6.0
3285,3285,viper,53.0
3286,3286,vixen,1.0
3287,3287,voodoo,69.0
3288,3288,vortex,264.0
3289,3289,wmd,19.0
3290,3290,wsu,
3291,3291,wtf,8.0
3292,3292,wabanaki,34.0
3293,3293,waipi-o-hapa,10.0
3294,3294,wakanda-og,6.0
3295,3295,waldo,
3296,3296,walker-kush,45.0
3297,3297,wally-og,
3298,3298,walrus-kush,
3299,3299,walter-white,56.0
3300,3300,wappa,153.0
3301,3301,warlock,72.0
3302,3302,washing-machine,9.0
3303,3303,watermelon,198.0
3304,3304,webster,10.0
3305,3305,wedding-cake,624.0
3306,3306,wedding-crasher,43.0
3307,3307,weebes-world,
3308,3308,wellness-og,32.0
3309,3309,wembley,3.0
3310,3310,west-coast-dawg,
3311,3311,west-og,8.0
3312,3312,webster,10.0
3313,3313,wedding-cake,624.0
3314,3314,wedding-crasher,43.0
3315,3315,weebes-world,
3316,3316,wellness-og,32.0
3317,3317,wembley,3.0
3318,3318,west-coast-dawg,
3319,3319,west-og,8.0
3320,3320,wet-dream,72.0
3321,3321,wheres-my-bike,19.0
3322,3322,whipped-cherries,
3323,3323,whitaker-blues,
3324,3324,white-99,75.0
3325,3325,white-bastard,
3326,3326,white-berry,179.0
3327,3327,white-bubblegum,2.0
3328,3328,white-buffalo,143.0
3329,3329,white-caramel-cookies,
3330,3330,white-castle,11.0
3331,3331,white-cheese,43.0
3332,3332,white-cherry-truffle,8.0
3333,3333,white-choco,4.0
3334,3334,white-chocolate,5.0
3335,3335,white-cookies,84.0
3336,3336,white-dawg,67.0
3337,3337,white-dawg-fire-og,4.0
3338,3338,white-diesel,52.0
3339,3339,white-domina,4.0
3340,3340,white-dragon,23.0
3341,3341,white-dream,32.0
3342,3342,white-durban,25.0
3343,3343,white-elephant,38.0
3344,3344,white-empress,
3345,3345,white-fire-43,50.0
3346,3346,white-fire-alien-og,108.0
3347,3347,white-fire-alien-og,
3348,3348,white-girl,10.0
3349,3349,white-gold,122.0
3350,3350,white-gorilla,41.0
3351,3351,white-harmony,6.0
3352,3352,white-haze,28.0
3353,3353,white-ice,4.0
3354,3354,white-knight,22.0
3355,3355,white-kryptonite,13.0
3356,3356,white-kush,95.0
3357,3357,white-lsd,11.0
3358,3358,white-lavender,61.0
3359,3359,white-lemon,1.0
3360,3360,white-lightning,96.0
3361,3361,white-lotus,36.0
3362,3362,white-master,3.0
3363,3363,white-moonshine,1.0
3364,3364,white-nightmare,114.0
3365,3365,white-og,85.0
3366,3366,white-queen,44.0
3367,3367,white-rhino,1109.0
3368,3368,white-lightning,96.0
3369,3369,white-lotus,36.0
3370,3370,white-master,3.0
3371,3371,white-moonshine,1.0
3372,3372,white-nightmare,114.0
3373,3373,white-og,85.0
3374,3374,white-queen,44.0
3375,3375,white-rhino,1109.0
3376,3376,white-romulan,61.0
3377,3377,white-russian,502.0
3378,3378,white-ryder,
3379,3379,white-sangria,23.0
3380,3380,white-siberian,42.0
3381,3381,white-skunk,37.0
3382,3382,white-slipper,31.0
3383,3383,white-smurf,11.0
3384,3384,white-strawberry,5.0
3385,3385,white-strawberry-skunk,3.0
3386,3386,white-strawberry-skunk,
3387,3387,white-tahoe-cookies,81.0
3388,3388,white-tygh-dream,8.0
3389,3389,white-urkle,75.0
3390,3390,white-walker-kush,68.0
3391,3391,white-walrus,2.0
3392,3392,white-widow,3824.0
3393,3393,white-zombie,65.0
3394,3394,whiteout,9.0
3395,3395,whitewalker-og,96.0
3396,3396,wild-thailand,25.0
3397,3397,willie-berrie,
3398,3398,willie-cheesie,
3399,3399,willie-nelson,130.0
3400,3400,willies-ghost,1.0
3401,3401,willy-gs-lebanese,
3402,3402,willy-wonka,52.0
3403,3403,willys-wonder,226.0
3404,3404,wish-mountain,4.0
3405,3405,wolfberry,
3406,3406,wonder-haze,16.0
3407,3407,wonder-kid,5.0
3408,3408,wonder-woman,158.0
3409,3409,wonderwoman-og,42.0
3410,3410,wonka-s-bubbilicious,56.0
3411,3411,woody-kush,66.0
3412,3412,wookie,19.0
3413,3413,wookies,76.0
3414,3414,wreckage,17.0
3415,3415,x-file,
3416,3416,x-files,10.0
3417,3417,x-wing,16.0
3418,3418,x-tra-chz,
3419,3419,x18-pure-pakistani,
3420,3420,xj-13,858.0
3421,3421,xxx-420,18.0
3422,3422,xxx-og,275.0
3423,3423,xanadu,4.0
3424,3424,x-files,10.0
3425,3425,x-wing,16.0
3426,3426,x-tra-chz,
3427,3427,x18-pure-pakistani,
3428,3428,xj-13,858.0
3429,3429,xxx-420,18.0
3430,3430,xxx-og,275.0
3431,3431,xanadu,4.0
3432,3432,y-griega,64.0
3433,3433,yem-og,1.0
3434,3434,yeti-og,58.0
3435,3435,yoda-og,319.0
3436,3436,yodas-brain,19.0
3437,3437,yogi-diesel,
3438,3438,yolo-berry,4.0
3439,3439,yumboldt,72.0
3440,3440,yummy,37.0
3441,3441,zamaldelica,4.0
3442,3442,zardde-gold,
3443,3443,zeitgeist,
3444,3444,zelda,11.0
3445,3445,zellys-gift,25.0
3446,3446,zen,26.0
3447,3447,zerculese,1.0
3448,3448,zeta-sage,64.0
3449,3449,zeus-og,42.0
3450,3450,zkittlez,402.0
3451,3451,zombie-kush,35.0
3452,3452,zombie-og,71.0
3453,3453,zoom-pie,10.0
3454,3454,hai-fantasy,1.0
3455,3455,hai-fantasy,
3456,3456,hai-fantasy,
3457,3457,hai-fantasy,
3458,3458,alenuihaha,6.0
3459,3459,alenuihaha,
