,strain,name
0,hybrid,100 og
1,hybrid,98 white widow
2,sativa,1024
3,hybrid,12 year og
4,hybrid,13 dawgs
5,hybrid,22
6,hybrid,24k gold
7,indica,3 bears og
8,hybrid,100 og
9,hybrid,98 white widow
10,sativa,1024
11,hybrid,12 year og
12,hybrid,13 dawgs
13,hybrid,22
14,hybrid,24k gold
15,indica,3 bears og
16,hybrid,3 kings
17,indica,303 og
18,sativa,3d cbd
19,indica,3x crazy
20,hybrid,3rd coast panama chunk
21,hybrid,501st og
22,hybrid,541 kush
23,indica,5th element
24,hybrid,707 headband
25,hybrid,707 truthband
26,indica,8 ball kush
27,indica,818 og
28,indica,831 og
29,hybrid,840
30,indica,9 pound hammer
31,indica,91 krypt
32,hybrid,92 og
33,indica,999
34,indica,a 10
35,hybrid,a dub
36,hybrid,a train
37,hybrid,acdc
38,hybrid,ak 47
39,hybrid,ak 48
40,sativa,ak 49
41,hybrid,aberdeen
42,indica,abusive og
43,sativa,acapulco gold
44,indica,ace killer og
45,indica,ace of spades
46,sativa,aceh
47,hybrid,acid
48,sativa,acid dough
49,hybrid,afcrack
50,indica,afghan big bud
51,sativa,afghan cow
52,hybrid,afghan diesel
53,indica,afghan hawaiian
54,hybrid,afghan haze
55,indica,afghan kush
56,indica,afghan skunk
57,indica,afghan sour kush
58,hybrid,afghan widow
59,indica,afghani
60,indica,afgahni bullrider
61,indica,afghani cbd
62,hybrid,afghani krush
63,hybrid,afghanica
64,indica,afghan skunk
65,indica,afghan sour kush
66,hybrid,afghan widow
67,indica,afghani
68,indica,afgahni bullrider
69,indica,afghani cbd
70,hybrid,afghani krush
71,hybrid,afghanica
72,indica,afghanimal
73,indica,afghooey
74,indica,afgoo
75,indica,afgooey
76,indica,afkansastan
77,hybrid,afpak
78,sativa,african
79,sativa,afrikaner
80,hybrid,afrodite
81,hybrid,afternoon delight
82,hybrid,afwreck
83,sativa,agape
84,hybrid,agent orange
85,hybrid,agent tangie
86,hybrid,agharta
87,indica,air jordan og
88,hybrid,als dream
89,sativa,alaska
90,hybrid,alaska thunder grape
91,sativa,alaskan ice
92,sativa,alaskan thunder fuck
93,hybrid,albert walker
94,hybrid,alchemy
95,hybrid,alf
96,sativa,alice in wonderland
97,hybrid,alien abduction
98,hybrid,alien apparition
99,hybrid,alien asshat
100,hybrid,alien breath
101,indica,alien bubba
102,indica,alien dawg
103,sativa,alien dutchess
104,hybrid,alien hallucination
105,hybrid,alien inferno
106,indica,alien kush
107,hybrid,alien og
108,hybrid,alien reunion
109,indica,alien rift
110,hybrid,alien rock candy
111,hybrid,alien sour apple
112,sativa,alien stardawg
113,indica,alien technology
114,hybrid,alien walker
115,indica,aliens on moonshine
116,hybrid,alion
117,indica,allen iverson og
118,sativa,allen wrench
119,hybrid,alley cat kush
120,sativa,alien stardawg
121,indica,alien technology
122,hybrid,alien walker
123,indica,aliens on moonshine
124,hybrid,alion
125,indica,allen iverson og
126,sativa,allen wrench
127,hybrid,alley cat kush
128,indica,allkush
129,sativa,aloha
130,hybrid,aloha grape stomper
131,hybrid,aloha limone
132,hybrid,alohaberry
133,sativa,alpha blue
134,sativa,alpha cow
135,sativa,alpha express
136,hybrid,alpha og
137,hybrid,alpine blue
138,indica,alpine star
139,hybrid,altoyd
140,hybrid,ambrosia
141,hybrid,ambrosia 8a5e98966f6047318a0ff1c3c3ad5075
142,indica,american beauty
143,hybrid,american dream
144,indica,american kush
145,hybrid,american pie
146,indica,americano
147,hybrid,amethyst
148,hybrid,amethyst bud
149,hybrid,amherst sour diesel
150,sativa,amnesi k lemon
151,sativa,amnesia
152,sativa,amnesia ganja haze
153,sativa,amnesia haze
154,sativa,amnesia og
155,indica,ancient kush
156,indica,ancient og
157,indica,anesthesia
158,indica,angel og
159,hybrid,angelica
160,hybrid,animal blues
161,hybrid,animal cookies
162,hybrid,animal gas
163,hybrid,animal mint
164,hybrid,animal sherbert
165,indica,anonymous og
166,indica,anubis
167,hybrid,ape shit
168,hybrid,apollo 11
169,hybrid,apollo 13
170,hybrid,apollo 13 haze
171,hybrid,apollo haze
172,hybrid,appalachia
173,sativa,appalachian power
174,hybrid,apple jack
175,hybrid,apple kush
176,hybrid,apollo 11
177,hybrid,apollo 13
178,hybrid,apollo 13 haze
179,hybrid,apollo haze
180,hybrid,appalachia
181,sativa,appalachian power
182,hybrid,apple jack
183,hybrid,apple kush
184,indica,appleberry
185,hybrid,apricot jelly
186,sativa,arabian gold
187,hybrid,arctic sun
188,hybrid,arcticblue
189,hybrid,area 51
190,hybrid,argvana heat
191,indica,argyle
192,sativa,arjans strawberry haze
193,sativa,arjans ultra haze 1
194,hybrid,armageddon
195,hybrid,armagnac
196,hybrid,ash
197,sativa,asian fantasy
198,hybrid,aspen og
199,hybrid,astral works
200,sativa,astroboy
201,indica,athabasca
202,hybrid,atmosphere
203,hybrid,atomic
204,hybrid,atomic bomb
205,hybrid,atomic goat
206,hybrid,atomic northern lights
207,sativa,atomical haze
208,indica,aurora borealis
209,indica,aurora indica
210,hybrid,avalon
211,hybrid,avi
212,hybrid,avi dekel
213,indica,ayahuasca purple
214,hybrid,aymi
215,hybrid,azure haze
216,indica,b 52
217,hybrid,b witched
218,hybrid,b witched
219,indica,bb king
220,hybrid,b4
221,hybrid,bc big bud
222,hybrid,bc roadkill
223,indica,bc sweet tooth
224,hybrid,bh
225,hybrid,bog bubble
226,hybrid,bsc
227,hybrid,bad azz kush
228,indica,bakerstreet
229,hybrid,balmoral
230,hybrid,banana bread
231,indica,banana candy
232,hybrid,bh
233,hybrid,bog bubble
234,hybrid,bsc
235,hybrid,bad azz kush
236,indica,bakerstreet
237,hybrid,balmoral
238,hybrid,banana bread
239,indica,banana candy
240,hybrid,banana cream og
241,hybrid,banana diesel
242,indica,banana hammock r1
243,hybrid,banana kush
244,hybrid,banana mango
245,hybrid,banana og
246,hybrid,banana peel
247,hybrid,banana punch 9
248,hybrid,banana split
249,hybrid,bananas
250,hybrid,bandana
251,sativa,bangi haze
252,hybrid,bango
253,hybrid,banjo
254,indica,barbara bud
255,hybrid,batgirl
256,indica,batman og
257,sativa,bay 11
258,sativa,bay dream
259,hybrid,bay lotus
260,hybrid,bay platinum cookies
261,hybrid,bazooka joe g
262,hybrid,bear dance
263,indica,beast mode 20
264,hybrid,beast mode og
265,indica,beckwourth bud
266,hybrid,bedford glue
267,indica,bedica
268,sativa,bediol
269,indica,bell ringer
270,hybrid,belladonna
271,sativa,berkeley
272,hybrid,bermuda sour
273,indica,berries crme
274,hybrid,berry bomb
275,hybrid,berry larry
276,indica,berry noir
277,hybrid,berry og
278,indica,berry white
279,hybrid,berts cookie dough
280,sativa,bertberry cheesecake
281,hybrid,best friend og
282,hybrid,bettie page
283,hybrid,bianca
284,hybrid,biddy early
285,hybrid,big band
286,indica,big bang
287,hybrid,big bomb
288,sativa,bertberry cheesecake
289,hybrid,best friend og
290,hybrid,bettie page
291,hybrid,bianca
292,hybrid,biddy early
293,hybrid,big band
294,indica,big bang
295,hybrid,big bomb
296,indica,big bud
297,hybrid,big budda cheese
298,indica,big bull
299,hybrid,big holy nina
300,hybrid,big kush
301,indica,big mac
302,hybrid,big skunk korean
303,hybrid,big sky og
304,hybrid,big smooth
305,sativa,big sur holy bud
306,hybrid,big tooth
307,indica,big white
308,indica,big wreck
309,indica,biker kush
310,hybrid,biker leblanc
311,hybrid,bingo pajamas
312,hybrid,bio diesel
313,hybrid,bio jesus
314,indica,biochem
315,hybrid,biohazard
316,sativa,birds eye
317,hybrid,birds of paradise
318,hybrid,birthday cake kush
319,indica,black 84
320,indica,black afghan
321,hybrid,black betty
322,indica,black bubba
323,indica,black cheese
324,hybrid,black cherry cheesecake
325,indica,black cherry og
326,hybrid,black cherry pie
327,hybrid,black cherry soda
328,indica,black dog
329,hybrid,black dhalia
330,indica,black diamond
331,sativa,black diesel
332,indica,black domina
333,hybrid,black haze
334,indica,black ice
335,hybrid,black jack
336,hybrid,black label
337,indica,black label kush
338,indica,black lime special reserve
339,hybrid,black lotus
340,hybrid,black magic
341,indica,black magic kush
342,indica,black mamba
343,hybrid,black out
344,hybrid,black label
345,indica,black label kush
346,indica,black lime special reserve
347,hybrid,black lotus
348,hybrid,black magic
349,indica,black magic kush
350,indica,black mamba
351,hybrid,black out
352,hybrid,black raspberry
353,indica,black roses
354,indica,black russian
355,hybrid,black triangle
356,hybrid,black tuna
357,hybrid,black velvet
358,hybrid,black widow
359,hybrid,blackberry
360,indica,blackberry bubble
361,hybrid,blackberry chem og
362,hybrid,blackberry cobbler
363,indica,blackberry cream
364,sativa,blackberry diesel
365,hybrid,blackberry dream
366,hybrid,blackberry fire
367,indica,blackberry hashplant
368,sativa,blackberry haze
369,indica,blackberry kush
370,sativa,blackberry lime haze
371,hybrid,blackberry pie
372,indica,blackberry rhino
373,indica,blackberry snow cone
374,hybrid,blackberry trainwreck
375,indica,blackberry x blueberry
376,indica,blackwater
377,sativa,blaze
378,hybrid,blessings og
379,hybrid,bleugenius
380,hybrid,blissful wizard
381,hybrid,blizzard bush
382,hybrid,blob og
383,hybrid,blockhead
384,indica,bloos kloos
385,indica,blood orange kush
386,hybrid,bloodhound
387,hybrid,bloodwalker
388,hybrid,blowfish
389,sativa,blucifer
390,indica,blue afghani
391,indica,blue alien
392,indica,blue bastard
393,sativa,blue bayou
394,indica,blue blood
395,hybrid,blue boy
396,indica,blue buddha
397,hybrid,blue champange
398,indica,blue cheese
399,hybrid,blue cinex
400,indica,blue bastard
401,sativa,blue bayou
402,indica,blue blood
403,hybrid,blue boy
404,indica,blue buddha
405,hybrid,blue champange
406,indica,blue cheese
407,hybrid,blue cinex
408,hybrid,blue cookies
409,hybrid,blue crack
410,indica,blue diamond
411,hybrid,blue diesel
412,sativa,blue dot
413,hybrid,blue dragon
414,hybrid,blue dream
415,hybrid,blue dream cbd
416,indica,blue dynamite
417,hybrid,blue fire
418,hybrid,blue frost
419,hybrid,blue galaxy
420,indica,blue god
421,hybrid,blue goo
422,hybrid,blue hash
423,hybrid,blue hawaiian
424,hybrid,blue haze
425,hybrid,blue heron
426,hybrid,blue iguana
427,hybrid,blue ivy
428,sativa,blue j
429,hybrid,blue jay way
430,hybrid,blue kiss
431,indica,blue knight
432,indica,blue kripple
433,hybrid,blue kush
434,indica,blue lights
435,sativa,blue magic
436,hybrid,blue magoo
437,indica,blue monster
438,hybrid,blue moon rocks
439,indica,blue moonshine
440,sativa,blue mountain fire
441,indica,blue mystic
442,hybrid,blue nightmare
443,hybrid,blue nina
444,hybrid,blue og
445,hybrid,blue og sherbert
446,indica,blue ox
447,hybrid,blue persuasion
448,indica,blue power
449,hybrid,blue raspberry snow cone
450,hybrid,blue rhino
451,sativa,blue satellite
452,hybrid,blue sherbert
453,hybrid,blue sky
454,indica,blue steel
455,hybrid,blue tara
456,indica,blue power
457,hybrid,blue raspberry snow cone
458,hybrid,blue rhino
459,sativa,blue satellite
460,hybrid,blue sherbert
461,hybrid,blue sky
462,indica,blue steel
463,hybrid,blue tara
464,hybrid,blue thai
465,hybrid,blue train
466,hybrid,blue trane
467,hybrid,blue treat
468,hybrid,blue velvet
469,hybrid,blue venom
470,hybrid,blue widow
471,sativa,blue wolf
472,hybrid,blue wonder
473,hybrid,blue wreck
474,indica,blue zkittlez
475,indica,blue zombie
476,indica,blueberry
477,hybrid,blueberry ak
478,sativa,blueberry blast
479,hybrid,blueberry bomb
480,hybrid,blueberry cheesecake
481,hybrid,blueberry cookies
482,hybrid,blueberry diesel
483,sativa,blueberry dream
484,hybrid,blueberry essence
485,hybrid,blueberry hashplant
486,hybrid,blueberry haze
487,hybrid,blueberry headband
488,hybrid,blueberry jack
489,indica,blueberry kush
490,hybrid,blueberry lambsbread
491,hybrid,blueberry muffins
492,hybrid,blueberry og
493,hybrid,blueberry pancakes
494,hybrid,blueberry pie
495,hybrid,blueberry silvertip
496,indica,blueberry skunk
497,indica,blueberry space cake
498,hybrid,blueberry trainwreck
499,indica,blueberry triple og
500,indica,blueberry waltz
501,hybrid,blueberry yum yum
502,hybrid,blues
503,hybrid,blukashima
504,hybrid,bluniverse
505,hybrid,blurple
506,hybrid,blush
507,sativa,bob saget
508,hybrid,bodega bubblegum
509,indica,bog blue kush
510,indica,bog sour grape
511,hybrid,bogart
512,hybrid,bluniverse
513,hybrid,blurple
514,hybrid,blush
515,sativa,bob saget
516,hybrid,bodega bubblegum
517,indica,bog blue kush
518,indica,bog sour grape
519,hybrid,bogart
520,hybrid,boggle gum
521,hybrid,bogglegum
522,indica,bona dea
523,hybrid,bonkers
524,hybrid,booger
525,hybrid,boombaye
526,hybrid,bootlegger
527,hybrid,bootylicious
528,hybrid,bordello
529,hybrid,boss hogg
530,hybrid,boss og
531,hybrid,boysenberry
532,hybrid,brain candy
533,indica,brains damage
534,sativa,brainstorm haze
535,hybrid,brainwreck
536,indica,brand x
537,indica,brandywine
538,sativa,brazil amazonia
539,hybrid,brian berry black currant
540,hybrid,brian berry citrus blend
541,hybrid,brian berry cough
542,hybrid,brian berry honey lemon
543,indica,bright fire
544,hybrid,bright moments
545,hybrid,broke diesel
546,indica,bronze whaler
547,hybrid,brooklyn mango
548,hybrid,bruce banner
549,hybrid,bruce banner 3
550,indica,bubba berry
551,hybrid,bubba cheese auto
552,indica,bubba doja
553,hybrid,bubba fresh
554,indica,bubba hash
555,indica,bubba kush
556,hybrid,bubba kush 20
557,indica,bubba og
558,hybrid,bubba tom hayes
559,hybrid,bubba x skunk
560,indica,bubbas bitch
561,indica,bubbas gift
562,hybrid,bubble bomb
563,indica,bubble cheese
564,hybrid,bubble gum
565,hybrid,bubbleberry
566,indica,bubblegum kush
567,hybrid,bubblegun
568,indica,bubbas bitch
569,indica,bubbas gift
570,hybrid,bubble bomb
571,indica,bubble cheese
572,hybrid,bubble gum
573,hybrid,bubbleberry
574,indica,bubblegum kush
575,hybrid,bubblegun
576,hybrid,bubblicious
577,indica,buckeye purple
578,sativa,buddha haze
579,indica,buddha tahoe
580,hybrid,buddhas hand
581,indica,buddhas sister
582,sativa,buddhas tooth
583,sativa,buffalo bill
584,hybrid,bugatti og
585,indica,burkle
586,hybrid,burmese kush
587,hybrid,burnt cookies
588,indica,butter og
589,indica,butterscotch
590,sativa,buzz bomb
591,sativa,c13 haze
592,hybrid,c3
593,hybrid,c3po
594,hybrid,c4
595,hybrid,cbd blue shark
596,indica,cbd critical cure
597,indica,cbd critical mass
598,hybrid,cbd kush
599,sativa,cbd lilly
600,sativa,cbd mango haze
601,hybrid,cbd og
602,indica,cbd ox
603,sativa,cbd rich blessing
604,indica,cbd shark
605,indica,chr super og
606,hybrid,csg
607,hybrid,cabbage patch
608,hybrid,caboose
609,hybrid,cackleberry
610,indica,cactus
611,hybrid,cactus cooler
612,indica,cadillac cookies
613,indica,cadillac purple
614,hybrid,cali dragon
615,hybrid,cali gold
616,hybrid,cali jack
617,hybrid,cali kush
618,indica,california grapefruit
619,indica,california hash plant
620,sativa,california limes
621,hybrid,california love og
622,hybrid,california orange
623,hybrid,california sour
624,hybrid,cali jack
625,hybrid,cali kush
626,indica,california grapefruit
627,indica,california hash plant
628,sativa,california limes
629,hybrid,california love og
630,hybrid,california orange
631,hybrid,california sour
632,hybrid,california sour diesel
633,hybrid,calyx og
634,sativa,cambodian
635,sativa,cambodian haze
636,hybrid,candy apple
637,indica,candy cane
638,sativa,candy jack
639,sativa,candyland
640,hybrid,candyland cookies
641,hybrid,candyland x chernobyl
642,hybrid,canna tsu
643,sativa,canna wreck
644,indica,cannasutra
645,hybrid,cannadential
646,sativa,cannalope haze
647,hybrid,cannalope kush
648,hybrid,cannatonic
649,indica,capers
650,hybrid,capleton
651,hybrid,captain america og
652,hybrid,captains cake
653,hybrid,caramel cake
654,hybrid,caramel candy kush
655,hybrid,caramel kona coffee cookies
656,indica,caramel kona coffee kush
657,hybrid,caramelicious
658,indica,caramella
659,sativa,caramelo
660,hybrid,carl sagan
661,hybrid,carmel cough
667,indica,casper og
668,sativa,cat piss
669,hybrid,cataract kush
670,sativa,catfish
671,hybrid,cello sweet og
672,sativa,central american
673,sativa,cerebro haze
674,hybrid,chairman chem sou
675,hybrid,champagne diesel
676,hybrid,champagne kush
677,hybrid,charlie sheen
678,sativa,charlottes web
679,hybrid,cheese
680,sativa,central american
681,sativa,cerebro haze
682,hybrid,chairman chem sou
683,hybrid,champagne diesel
684,hybrid,champagne kush
685,hybrid,charlie sheen
686,sativa,charlottes web
687,hybrid,cheese
688,hybrid,cheese candy
689,hybrid,cheese quake
690,hybrid,cheeseburger
691,hybrid,cheesewreck
692,indica,chef kush
693,hybrid,chem berry diesel
694,hybrid,chem beyond diesel cbd
695,hybrid,chem crush
696,indica,chem dog
697,hybrid,chem jack
698,hybrid,chem jong ill
699,hybrid,chem kesey
700,indica,chem scout
701,hybrid,chem valley kush
702,sativa,chems sister
703,hybrid,chemwreck
704,hybrid,chemdawg sour diesel
705,hybrid,chemdawg
706,hybrid,chemdawg 4 x alien og kush
707,hybrid,chemdawg 4
708,hybrid,chemdawg 91
709,hybrid,chemmy jones
710,hybrid,chemnesia
711,indica,chemo
712,hybrid,cherwillie
713,hybrid,chernobyl
714,indica,cherries jubilee
715,hybrid,cherry ak 47
716,hybrid,cherry bomb
717,hybrid,cherry cookies
718,hybrid,cherry cream pie
719,hybrid,cherry diesel
720,hybrid,cherry durban poison
721,hybrid,cherry fire
722,hybrid,cherry fuel
723,hybrid,cherry grapefruit
724,indica,cherry kola
725,hybrid,cherry kush
726,hybrid,cherry limeade
727,indica,cherry mender
728,hybrid,cherry og
729,hybrid,cherry pie
730,hybrid,cherry pie kush
731,hybrid,cherry sauce
732,hybrid,cherry sherbet
733,hybrid,cherry skunk
734,hybrid,cherry slyder
735,hybrid,cherry thunder fuck
736,hybrid,cherry og
737,hybrid,cherry pie
738,hybrid,cherry pie kush
739,hybrid,cherry sauce
740,hybrid,cherry sherbet
741,hybrid,cherry skunk
742,hybrid,cherry slyder
743,hybrid,cherry thunder fuck
744,hybrid,cherry vanilla cookies
745,hybrid,cherry wine
746,hybrid,chicle
747,hybrid,chiesel
748,indica,china yunnan
749,hybrid,chiquita banana
750,hybrid,chloe
751,hybrid,chocoholic
752,hybrid,chocolate cheesecake
753,indica,chocolate chunk
754,sativa,chocolate diesel
755,hybrid,chocolate drop
756,sativa,chocolate fondue
757,indica,chocolate glue
758,hybrid,chocolate hashberry
759,indica,chocolate kush
760,hybrid,chocolate lava
761,indica,chocolate meringue
762,hybrid,chocolate mint og
763,indica,chocolate og
764,hybrid,chocolate rain
765,hybrid,chocolate sap
766,sativa,chocolate skunk
767,sativa,chocolate thai
768,sativa,chocolate thunder
769,hybrid,chocolate tonic
770,hybrid,chocolony
771,sativa,chocolope
772,hybrid,chocolope kush
773,hybrid,chong star
774,hybrid,chronic
775,indica,chronic thunder
776,hybrid,chuck og
777,hybrid,chuckys bride
778,hybrid,chunky diesel
779,hybrid,chupacabra
780,indica,church og
781,hybrid,cinderella 99
782,hybrid,cinderellas dream
783,hybrid,cindy haze
784,hybrid,cindy white
785,sativa,cinex
786,sativa,cirrus
787,hybrid,citradelic sunset
788,hybrid,citral glue
789,hybrid,citral skunk
790,hybrid,citrix
791,hybrid,citrus kush
792,hybrid,cindy white
793,sativa,cinex
794,sativa,cirrus
795,hybrid,citradelic sunset
796,hybrid,citral glue
797,hybrid,citral skunk
798,hybrid,citrix
799,hybrid,citrus kush
800,sativa,citrus punch
801,hybrid,citrus rush
802,hybrid,citrus sap
803,hybrid,citrus sunshine haze
804,hybrid,city of god
805,sativa,clementine
806,hybrid,clementine kush
807,hybrid,clementines terpentine
808,hybrid,clockwork orange
809,hybrid,cloud 9
810,hybrid,cloudcap
811,indica,club 69
812,hybrid,cluster bomb
813,hybrid,cluster funk
814,hybrid,cobbler
815,hybrid,cobra lips
816,hybrid,cocoa kush
817,hybrid,coconut oil
818,hybrid,cold creek kush
819,hybrid,colin og s1
820,hybrid,collie man kush
821,sativa,colombian gold
822,sativa,colombian mojito
823,indica,colorado bubba
824,hybrid,colorado chem
825,hybrid,colorado chem rbx3
826,indica,colorado clementines
827,hybrid,comfortably dumb
828,indica,commerce city kush
829,hybrid,concord cream
830,hybrid,concord grape blockhead
831,indica,confidential cheese
832,indica,confidential cookies
833,hybrid,confidential wreck
834,sativa,congo
835,hybrid,connie chung
836,indica,conspiracy kush
837,hybrid,cookie breath
838,hybrid,cookie dough
839,hybrid,cookie jar
840,indica,cookie monster
841,hybrid,cookie puss
842,hybrid,cookie wreck
843,indica,cookies kush
844,hybrid,cookies and cream
845,hybrid,cookies and dream
846,indica,copper kush
847,indica,corleone kush
848,indica,cookie monster
849,hybrid,cookie puss
850,hybrid,cookie wreck
851,indica,cookies kush
852,hybrid,cookies and cream
853,hybrid,cookies and dream
854,indica,copper kush
855,indica,corleone kush
856,hybrid,corleone kush the don cut
857,indica,cornbread
858,sativa,cosmic collision
859,hybrid,cotton candy kush
860,hybrid,cotton purple chem
861,hybrid,cougar milk
862,hybrid,cowboy kush
863,hybrid,coyote art
864,sativa,cracker jack
865,hybrid,crater lake
866,hybrid,crazy miss hyde
867,indica,cream caramel
868,hybrid,crimea blue
869,hybrid,critical 47
870,hybrid,critical bilbo
871,hybrid,critical cheese
872,hybrid,critical haze
873,indica,critical hog
874,hybrid,critical jack
875,sativa,critical kali mist
876,indica,critical kush
877,indica,critical mass
878,hybrid,critical plus
879,indica,critical plus 20
880,indica,critical sensi star
881,hybrid,critical skunk
882,hybrid,critical widow
883,hybrid,critters cookies
884,hybrid,crocketts haze
885,hybrid,cronuts
886,indica,crosswalker
887,indica,crouching tiger hidden alien
888,indica,crown og
889,indica,crown royale
890,sativa,crumbled lime
891,hybrid,crunch berry kush
892,hybrid,crypt
893,sativa,crystal coma
894,hybrid,crystal gayle
895,indica,crystalberry
896,indica,cuvee
897,hybrid,cypress og
898,sativa,dj andy williams
899,indica,dj short blueberry
900,hybrid,dj smoke
901,hybrid,dagwood
902,hybrid,dairy queen
903,indica,dakini kush
904,indica,cuvee
905,hybrid,cypress og
906,sativa,dj andy williams
907,indica,dj short blueberry
908,hybrid,dj smoke
909,hybrid,dagwood
910,hybrid,dairy queen
911,indica,dakini kush
912,sativa,damn sour
913,hybrid,damnesia
914,sativa,dance world
915,hybrid,dancehall
916,indica,dank schrader
917,hybrid,dank sinatra
918,indica,double d
919,hybrid,dark blue dream
920,hybrid,dark shadow haze
921,indica,dark side of the moon
922,indica,dark star
923,indica,darkside og
924,indica,darth vader og
925,hybrid,dawgs waltz
926,hybrid,dawgfather og
927,hybrid,day tripper
928,hybrid,daywalker
929,hybrid,dedutch
930,hybrid,deadhead og
931,hybrid,deadlights
932,indica,deadwood
933,indica,death bubba
934,hybrid,death by cake og
935,indica,death star
936,indica,deathstar og
937,hybrid,dedoverde haze
938,hybrid,deep breath
939,hybrid,deep cheese
940,indica,deep chunk
941,indica,deep purple
942,indica,deep sleep
943,sativa,delahaze
944,indica,denver maple
945,hybrid,destar bx
946,hybrid,desert diesel
947,hybrid,desert star
948,hybrid,designer og
949,sativa,destroyer
950,indica,devil fruit
951,sativa,devils tit
952,hybrid,diabla
953,indica,diablo
954,indica,diamond og
955,hybrid,diamond socks
956,hybrid,diamond valley kush
957,hybrid,diesel dough
958,hybrid,diesel duff
959,hybrid,diesel glue
960,hybrid,diabla
961,indica,diablo
962,indica,diamond og
963,hybrid,diamond socks
964,hybrid,diamond valley kush
965,hybrid,diesel dough
966,hybrid,diesel duff
967,hybrid,diesel glue
968,hybrid,dieseltonic
969,indica,digweed
970,hybrid,dinachem
971,hybrid,dirt nap
972,sativa,dirty girl
973,indica,dirty old bastard
974,hybrid,dirty widow
975,hybrid,disney blue
976,hybrid,divina obscura
977,hybrid,dizzy og
978,sativa,django
979,hybrid,do over og
980,indica,do si dos
981,hybrid,doc holliday
982,sativa,doctor doctor
983,hybrid,doctor jamaica
984,hybrid,dog face
985,hybrid,dog shit
986,hybrid,dogwalker og
987,indica,dolla sign og kush
988,indica,domino
989,hybrid,don carlos
990,hybrid,don shula
991,hybrid,dons ghost
992,hybrid,donegal
993,indica,donkey butter
994,hybrid,donna og
995,hybrid,doobiebird daydream
996,hybrid,doox 9e52aaec47524b6088792c10b9d341d0
997,sativa,doox
998,hybrid,dopium
999,indica,dorit
1000,hybrid,dosi woah r1
1001,hybrid,double barrel og
1002,sativa,double diesel
1003,hybrid,double dream
1004,hybrid,double dutch
1005,hybrid,double lemon pie
1006,indica,double mint
1007,indica,double og
1008,indica,double purple doja
1009,hybrid,double tangie banana
1010,indica,double tap
1011,sativa,dougs varin
1012,hybrid,dr bubbles
1013,hybrid,dr clemenstein
1014,hybrid,dr feelgood
1015,indica,dr funk
1016,indica,double purple doja
1017,hybrid,double tangie banana
1018,indica,double tap
1019,sativa,dougs varin
1020,hybrid,dr bubbles
1021,hybrid,dr clemenstein
1022,hybrid,dr feelgood
1023,indica,dr funk
1024,hybrid,dr greenthumbs em dog
1025,sativa,dr grinspoon
1026,hybrid,dr quantum
1027,hybrid,dr who
1028,hybrid,dragon fruit
1029,hybrid,dragon og
1030,hybrid,dragon punch 70d5bf53968c4346905edb7cf4323ec8
1031,hybrid,dragon punch
1032,hybrid,dragons breath
1033,hybrid,dreadlock
1034,sativa,dream beaver
1035,indica,dream berry
1036,hybrid,dream girl
1037,hybrid,dream lotus
1038,hybrid,dream machine
1039,hybrid,dream police
1040,hybrid,dream queen
1041,hybrid,dream star
1042,hybrid,dreamcatcher
1043,hybrid,dreamers glass
1044,sativa,drizella
1045,hybrid,duct tape
1046,hybrid,duke nukem
1047,hybrid,durban berry
1048,hybrid,durban cheese
1049,sativa,durban cookies
1050,sativa,durban poison
1051,sativa,durban princess
1052,indica,durga mata
1053,hybrid,dutch 47
1054,hybrid,dutch crunch
1055,sativa,dutch dragon
1056,hybrid,dutch dynasty
1057,hybrid,dutch hawaiian f26d85d8964844c0a3e447bceefefa9f
1058,sativa,dutch hawaiian
1059,sativa,dutch haze
1060,indica,dutch kush
1061,hybrid,dutch queen
1062,hybrid,dutch thunder fuck
1063,hybrid,dutch treat
1064,hybrid,dutch treat haze
1065,hybrid,dutchberry
1066,indica,dynamite
1067,hybrid,eagle bill
1068,indica,early girl
1069,hybrid,early glue rbx1
1070,hybrid,early miss
1071,sativa,early pearl
1072,hybrid,dutch treat haze
1073,hybrid,dutchberry
1074,indica,dynamite
1075,hybrid,eagle bill
1076,indica,early girl
1077,hybrid,early glue rbx1
1078,hybrid,early miss
1079,sativa,early pearl
1080,hybrid,early skunk
1081,hybrid,earth og
1082,hybrid,earthquake
1083,hybrid,earthshaker og
1084,sativa,east coast alien
1085,sativa,east coast sour diesel
1086,indica,eastern european
1087,hybrid,easy bud
1088,hybrid,easy peezy
1089,hybrid,ebola 7
1090,hybrid,ecto cooler
1091,hybrid,ed rosenthal super bud
1092,indica,edelweiss
1093,hybrid,egyptian musk
1094,indica,egyptian royalty 1
1095,hybrid,el chapo
1096,indica,el chapo og
1097,indica,el jeffe
1098,hybrid,el nino
1099,hybrid,el perro
1100,hybrid,el na
1101,hybrid,elderberry kush
1102,indica,electric black mamba
1103,hybrid,electric kool aid
1104,sativa,electric lemon g
1105,sativa,electric lemonade
1106,hybrid,elektra
1107,sativa,elephant
1108,hybrid,elevated og
1109,hybrid,elmers glue
1110,sativa,elphinstone
1111,hybrid,elvis
1112,sativa,emerald jack
1113,indica,emerald og
1114,hybrid,emperor cookie dough
1115,indica,endless sky
1116,indica,enemy of the state
1117,indica,enigma
1118,indica,eran almog
1119,indica,erdpurt
1120,indica,erez
1121,indica,ether
1122,sativa,ethiopian
1123,hybrid,ethos apex
1124,hybrid,ethos hash plant bx1
1125,sativa,euphoria
1126,hybrid,eugene cream
1127,hybrid,euphoria cookies
1128,indica,erez
1129,indica,ether
1130,sativa,ethiopian
1131,hybrid,ethos apex
1132,hybrid,ethos hash plant bx1
1133,sativa,euphoria
1134,hybrid,eugene cream
1135,hybrid,euphoria cookies
1136,indica,everlast
1137,hybrid,exodus cheese
1138,indica,extreme cream
1139,indica,extreme og
1140,hybrid,f 13
1141,sativa,f 13 throwback
1142,indica,fn louzer
1143,hybrid,f cut og
1144,hybrid,fpog
1145,hybrid,face off bx2
1146,indica,face off og
1147,hybrid,face on fire
1148,sativa,faded glory
1149,hybrid,fall 97
1150,indica,fallen angel
1151,hybrid,false teeth
1152,hybrid,fast eddy
1153,hybrid,fat axl
1154,hybrid,fat nelson
1155,indica,fat purple
1156,hybrid,fauxsido
1157,indica,faygo red pop
1158,sativa,fighting buddha
1159,hybrid,fire alien kush
1160,hybrid,fire alien master
1161,hybrid,fire alien romulan
1162,hybrid,fire alien strawberry
1163,hybrid,fire alien urkle
1164,sativa,fire haze
1165,hybrid,fire og
1166,sativa,firewalker og
1167,hybrid,first 48
1168,hybrid,first light
1169,indica,flaming cookies
1170,hybrid,flo
1171,sativa,flo limone
1172,indica,flo og
1173,hybrid,flo walker
1174,hybrid,florida og
1175,indica,flowerbomb kush
1176,hybrid,flowers for algernon
1177,indica,focaccia
1178,indica,forbidden fruit
1179,hybrid,forbidden zkittlez
1180,hybrid,formula one
1181,hybrid,fortune cookies
1182,hybrid,forum cut cookies s1
1183,indica,foul mouth
1184,hybrid,flowers for algernon
1185,indica,focaccia
1186,indica,forbidden fruit
1187,hybrid,forbidden zkittlez
1188,hybrid,formula one
1189,hybrid,fortune cookies
1190,hybrid,forum cut cookies s1
1191,indica,foul mouth
1192,hybrid,four cups
1193,hybrid,four star general
1194,indica,four way
1195,hybrid,franks gift
1196,indica,frankenstein
1197,indica,fred flipn stoned
1198,indica,freezeland
1199,indica,french bread
1200,indica,frida
1201,hybrid,frisian dew
1202,hybrid,frisian duck
1203,sativa,frostbite
1204,hybrid,frosted cherry cookies
1205,hybrid,frosted freak
1206,indica,frosty
1207,hybrid,frosty jesus
1208,hybrid,frozen tangerines
1209,hybrid,fruit crusher
1210,hybrid,fruit loop og
1211,hybrid,fruit loops
1212,sativa,fruit punch
1213,hybrid,fruit spirit
1214,indica,fruity chronic juice
1215,hybrid,fruity juice
1216,hybrid,fruity widow
1217,indica,fruitylicious
1218,indica,fucking incredible
1219,sativa,full moon
1220,hybrid,funfetti
1221,indica,funky monkey
1222,hybrid,future
1223,hybrid,fuzzy navel
1224,hybrid,g cut
1225,indica,g force
1226,indica,g1000
1227,hybrid,goat
1228,indica,g 13
1229,hybrid,g13 diesel
1230,hybrid,g13 haze
1231,hybrid,g13 widow
1232,hybrid,gdp electric
1233,hybrid,gi 001
1234,indica,gmo cookies
1235,hybrid,griz kush
1236,hybrid,gsc
1237,hybrid,gto
1238,hybrid,gabriel sherbet
1239,sativa,galactic jack
1240,hybrid,gdp electric
1241,hybrid,gi 001
1242,indica,gmo cookies
1243,hybrid,griz kush
1244,hybrid,gsc
1245,hybrid,gto
1246,hybrid,gabriel sherbet
1247,sativa,galactic jack
1248,indica,galactica og
1249,hybrid,game changer
1250,hybrid,gammaberry
1251,indica,gandalf og
1252,hybrid,ganesh berry
1253,indica,garlic bud
1254,indica,gas mask
1255,hybrid,gaswerx
1256,hybrid,gatekeeper og
1257,hybrid,gelato
1258,hybrid,gelato 33
1259,hybrid,gemstone
1260,hybrid,georgia pine
1261,hybrid,ghetto bird
1262,hybrid,ghost bubba
1263,hybrid,ghost cookies
1264,hybrid,ghost og
1265,indica,ghost og moonshine
1266,indica,ghost rider og
1267,indica,ghost ship
1268,hybrid,ghost tange haze
1269,sativa,ghost train haze
1270,hybrid,ghostbreath
1271,indica,gigabud
1272,hybrid,gilz nilz
1273,hybrid,ginger ale
1274,hybrid,ginger punch
1275,hybrid,glad max
1276,hybrid,glass apple
1277,hybrid,glass slipper
1278,hybrid,glue tech
1279,hybrid,gluechee
1280,hybrid,gnome walker
1281,hybrid,go time
1282,hybrid,goat head
1283,indica,gobbilygoo
1284,indica,gobbstopper
1285,indica,god bud
1286,indica,gods gift
1287,hybrid,gods green crack
1288,indica,godberry
1289,indica,godfather og
1290,indica,godfather purple kush
1291,indica,godzilla
1292,hybrid,godzilla blood
1293,hybrid,godzilla glue
1294,indica,gods bubba
1295,indica,gods treat
1296,indica,godberry
1297,indica,godfather og
1298,indica,godfather purple kush
1299,indica,godzilla
1300,hybrid,godzilla blood
1301,hybrid,godzilla glue
1302,indica,gods bubba
1303,indica,gods treat
1304,indica,gog magog
1305,hybrid,goji diesel
1306,hybrid,goji og
1307,sativa,gold kings thai
1308,hybrid,gold star
1309,indica,goldberry
1310,sativa,golden calyx
1311,hybrid,golden gage
1312,hybrid,golden goat
1313,hybrid,golden lemon
1314,hybrid,golden nugget
1315,hybrid,golden panda
1316,hybrid,golden pineapple
1317,hybrid,golden soda
1318,indica,golden state banana
1319,sativa,golden tangie
1320,hybrid,golden ticket
1321,sativa,golden tiger
1322,sativa,goldwing
1323,indica,goo
1324,indica,gooberry
1325,hybrid,good medicine
1326,indica,gorilla biscuit
1327,hybrid,gorilla breath
1328,hybrid,gorilla cookies
1329,hybrid,gorilla girl
1330,indica,gorilla grips
1331,hybrid,gorilla snacks
1332,sativa,gorkle
1333,indica,government mule
1334,indica,grand doggy purps
1335,indica,grand hindu
1336,hybrid,grand hustle
1337,indica,granddaddy purple
1338,hybrid,granddaddy wonder
1339,hybrid,grandma andersons cookies
1340,hybrid,grandmas batch
1341,indica,grandmas sugar cookies
1342,indica,grandpa larry og
1343,indica,grandpas breath
1344,hybrid,grandpas stash
1345,hybrid,granola funk
1346,indica,grape ape
1347,hybrid,grape bubba
1348,hybrid,grape cake
1349,hybrid,grape calyx
1350,hybrid,grape candy
1351,indica,grape cookies
1352,hybrid,grandpas stash
1353,hybrid,granola funk
1354,indica,grape ape
1355,hybrid,grape bubba
1356,hybrid,grape cake
1357,hybrid,grape calyx
1358,hybrid,grape candy
1359,indica,grape cookies
1360,hybrid,grape dawg
1361,indica,grape drink
1362,hybrid,grape god
1363,hybrid,grape god bud
1364,indica,grape inferno
1365,hybrid,grape jelly
1366,indica,grape krush
1367,hybrid,grape krush throwback
1368,hybrid,grape kush
1369,indica,grape ox
1370,indica,grape skunk
1371,hybrid,grape smuggler
1372,hybrid,grape soda
1373,hybrid,sour grapes
1374,indica,grape valley kush
1375,hybrid,grape vine
1376,sativa,grapefruit
1377,hybrid,grapefruit diesel
1378,sativa,grapefruit haze
1379,hybrid,grapefruit kush
1380,indica,gravity
1381,hybrid,grease monkey
1382,sativa,white shark
1383,hybrid,green avenger
1384,sativa,green candy
1385,hybrid,green cheese
1386,sativa,green crack
1387,hybrid,green crack cbd
1388,sativa,green crack extreme
1389,hybrid,green door kush
1390,indica,green dragon
1391,hybrid,green dream
1392,sativa,green goblin
1393,hybrid,green goddess
1394,sativa,green haze
1395,hybrid,green hornet
1396,indica,green kush
1397,sativa,green lantern
1398,hybrid,green line og
1399,indica,green love potion
1400,hybrid,green magic
1401,indica,green mango
1402,hybrid,green monster
1403,indica,green poison
1404,indica,green python
1405,hybrid,green queen
1406,hybrid,green ribbon
1407,hybrid,gremlin
1408,hybrid,green magic
1409,indica,green mango
1410,hybrid,green monster
1411,indica,green poison
1412,indica,green python
1413,hybrid,green queen
1414,hybrid,green ribbon
1415,hybrid,gremlin
1416,hybrid,grilled cheese
1417,indica,grimace
1418,indica,grimace og
1419,indica,grimmdica
1420,indica,guard dawg
1421,hybrid,guava cake
1422,hybrid,guava chem
1423,hybrid,guava dub star
1424,hybrid,guava gelato
1425,hybrid,guava kush
1426,hybrid,gucci og
1427,indica,guido kush
1428,indica,gumbo
1429,hybrid,gummo
1430,hybrid,gummy bears
1431,hybrid,gupta haze
1432,hybrid,gupta kush
1433,hybrid,guptilla
1434,indica,gutbuster
1435,hybrid,gypsy kush
1436,indica,hades haze
1437,indica,hades og
1438,hybrid,haleighs hope
1439,indica,hammerhead
1440,hybrid,hammershark
1441,indica,hannibal nectar
1442,hybrid,haole
1443,indica,haoma
1444,hybrid,haoma mist
1445,hybrid,happy rancher
1446,indica,hardcore og
1447,hybrid,harle tsu
1448,sativa,harlequin
1449,hybrid,harlequin gdp
1450,sativa,harley storm
1451,sativa,harley twin
1452,indica,harmonia
1453,hybrid,harmony
1454,hybrid,harry potter
1455,indica,hash plant
1456,indica,hashbar og
1457,indica,hashberry
1458,sativa,hashplant haze
1459,hybrid,havarra wedding
1460,sativa,hawaiian
1461,hybrid,hawaiian cookies
1462,indica,hawaiian delight
1463,sativa,hawaiian diesel
1464,indica,hashbar og
1465,indica,hashberry
1466,sativa,hashplant haze
1467,hybrid,havarra wedding
1468,sativa,hawaiian
1469,hybrid,hawaiian cookies
1470,indica,hawaiian delight
1471,sativa,hawaiian diesel
1472,sativa,hawaiian dream
1473,indica,hawaiian duckfoot
1474,hybrid,hawaiian fire
1475,sativa,hawaiian haze
1476,sativa,hawaiian mayan gold
1477,sativa,hawaiian punch
1478,indica,hawaiian purple kush
1479,sativa,hawaiian sativa
1480,hybrid,hawaiian skunk
1481,sativa,hawaiian snow
1482,hybrid,hawaiian sunrise
1483,hybrid,hawaiian thunder fuck
1484,hybrid,hawaiian trinity
1485,sativa,hawaii 78
1486,sativa,hayleys haze
1487,sativa,haze
1488,sativa,haze berry
1489,hybrid,haze heaven
1490,sativa,haze mist
1491,sativa,haze wreck
1492,hybrid,hazmat og
1493,hybrid,head cheese
1494,hybrid,head trip
1495,hybrid,headband
1496,hybrid,headband cookies bx1
1497,hybrid,headbanger
1498,hybrid,heatwave
1499,hybrid,heaven scent
1500,hybrid,heavenly og
1501,hybrid,heavy duty fruity
1502,sativa,heisenberg kush
1503,hybrid,hell raiser og
1504,hybrid,hells og
1505,hybrid,hellfire og
1506,hybrid,hemlock
1507,sativa,hempstar
1508,hybrid,hercules
1509,indica,herojuana
1510,hybrid,hibiscus sunrise
1511,hybrid,high five
1512,hybrid,high noon irish cream
1513,hybrid,high school sweetheart
1514,sativa,higher power
1515,hybrid,highwayman
1516,indica,himalayan blackberry
1517,hybrid,himalayan gold
1518,indica,hindu kush
1519,indica,hindu skunk
1520,hybrid,high noon irish cream
1521,hybrid,high school sweetheart
1522,sativa,higher power
1523,hybrid,highwayman
1524,indica,himalayan blackberry
1525,hybrid,himalayan gold
1526,indica,hindu kush
1527,indica,hindu skunk
1528,hybrid,hindu sour
1529,sativa,hippie chicken
1530,hybrid,hippie crippler
1531,hybrid,hoarfrost
1532,hybrid,hobbit
1533,indica,hogs breath
1534,indica,hollands hope
1535,hybrid,hollyweed
1536,hybrid,hollywood og
1537,hybrid,holy ghost
1538,hybrid,holy grail kush
1539,hybrid,holy punch
1540,hybrid,holy roller
1541,sativa,honduras
1542,hybrid,honey bananas
1543,indica,honey boo boo
1544,hybrid,honey lemon cheese
1545,hybrid,honey rock
1546,hybrid,hong kong
1547,sativa,hoodwreck
1548,sativa,horace
1549,hybrid,huckleberries
1550,hybrid,huckleberry
1551,hybrid,huckleberry cough
1552,hybrid,huckleberry desstar
1553,hybrid,huckleberry diesel
1554,hybrid,huckleberry hound
1555,hybrid,huckleberry soda
1556,indica,hulkamania
1557,hybrid,humboldt
1558,indica,humboldt dream
1559,hybrid,humboldt hawaiian
1560,indica,humboldt headband
1561,hybrid,humboldt sour diesel
1562,indica,humdinger og
1563,hybrid,hurkle
1564,sativa,hurricane
1565,hybrid,hustler kush
1566,hybrid,i 95
1567,hybrid,iced grapefruit
1568,indica,ifc og
1569,hybrid,ig kush
1570,hybrid,ice
1571,hybrid,ice cream
1572,indica,ice cream cake
1573,hybrid,ice princess
1574,hybrid,ice queen
1575,hybrid,ice wreck
1576,indica,ifc og
1577,hybrid,ig kush
1578,hybrid,ice
1579,hybrid,ice cream
1580,indica,ice cream cake
1581,hybrid,ice princess
1582,hybrid,ice queen
1583,hybrid,ice wreck
1584,indica,iced widow
1585,indica,ill og
1586,indica,illuminati og
1587,sativa,in the pines
1588,indica,incredible bulk
1589,sativa,incredible hulk
1590,hybrid,industrial plant
1591,indica,ingrid
1592,hybrid,intergalactic
1593,sativa,inzane in the membrane
1594,hybrid,irene kush
1595,indica,irish cream
1596,hybrid,iron triangle
1597,sativa,island haze
1598,sativa,island maui haze
1599,hybrid,island poison
1600,sativa,island sweet skunk
1601,hybrid,ivan
1602,hybrid,js famous kush
1603,sativa,j 27
1604,hybrid,j1
1605,indica,jr
1606,indica,jt15
1607,hybrid,jabbas stash
1608,hybrid,jack 47
1609,indica,jack burton
1610,sativa,jack diesel
1611,hybrid,jack flash
1612,hybrid,jack frost
1613,hybrid,jack haze
1614,sativa,jack herer
1615,hybrid,jack kush
1616,sativa,jack skellington
1617,sativa,jack smack
1618,hybrid,jack widow
1619,sativa,jack wreck
1620,hybrid,jack of spades
1621,sativa,jack the ripper
1622,sativa,jacks cleaner
1623,hybrid,jacks dream
1624,sativa,jackalope
1625,hybrid,jacked up
1626,hybrid,jacky girl
1627,sativa,jacky white
1628,hybrid,jacks dragon girl 7
1629,hybrid,jacks girl
1630,indica,jah goo
1631,hybrid,jah kush
1632,sativa,jackalope
1633,hybrid,jacked up
1634,hybrid,jacky girl
1635,sativa,jacky white
1636,hybrid,jacks dragon girl 7
1637,hybrid,jacks girl
1638,indica,jah goo
1639,hybrid,jah kush
1640,sativa,jahwaiian
1641,sativa,jamaican
1642,sativa,jamaican dream
1643,sativa,jamaican lion
1644,sativa,jamaican pearl
1645,hybrid,jamba juice
1646,hybrid,jane doe
1647,hybrid,jasmin
1648,indica,jawa pie
1649,hybrid,jazz
1650,hybrid,jean guy
1651,indica,jedi kush
1652,indica,jelly roll
1653,sativa,jenni
1654,hybrid,jenny kush
1655,sativa,jericho haze
1656,hybrid,jerusalem express
1657,indica,jesses girl
1658,hybrid,jesus
1659,indica,jesus og
1660,hybrid,jet fuel
1661,hybrid,jilly dawg
1662,hybrid,jillybean
1663,hybrid,jim og
1664,hybrid,jimi hendrix
1665,sativa,jock horror
1666,hybrid,joes dank
1667,sativa,joes lemonade
1668,sativa,johnnys tonic
1669,indica,jorges diamond
1670,indica,josh d og
1671,hybrid,juicy fruit
1672,hybrid,juicy jack
1673,hybrid,juliet
1674,hybrid,julius caesar
1675,hybrid,jungle juice
1676,hybrid,jungle scout cookies
1677,hybrid,jungle spice
1678,indica,jupiter og
1679,indica,k train
1680,hybrid,k1
1681,hybrid,k2
1682,hybrid,kc 33
1683,indica,kc 36
1684,hybrid,kt dawg
1685,sativa,kaboom
1686,hybrid,kahavvai mode
1687,indica,kahuna
1688,hybrid,k1
1689,hybrid,k2
1690,hybrid,kc 33
1691,indica,kc 36
1692,hybrid,kt dawg
1693,sativa,kaboom
1694,hybrid,kahavvai mode
1695,indica,kahuna
1696,hybrid,kaia kush
1697,hybrid,kailua pua
1698,hybrid,kalalau kush
1699,hybrid,kalashnikova
1700,hybrid,kaleidos dope
1701,sativa,kali 47
1702,indica,kali china
1703,hybrid,kali dog
1704,sativa,kali mist
1705,indica,kandahar
1706,hybrid,kandy kush
1707,hybrid,kaptns grand dream
1708,indica,karibbean mango
1709,hybrid,karma bitch
1710,hybrid,karma og
1711,indica,karmarado og
1712,indica,kashmir kush
1713,indica,katsu bubba kush
1714,indica,katsu kush
1715,sativa,kauai electric
1716,indica,kelly hill gold
1717,hybrid,kens kush
1718,sativa,kerala
1719,sativa,kerala krush
1720,sativa,kerosene
1721,indica,ketama
1722,hybrid,key lime pie
1723,hybrid,keystone kush
1724,hybrid,khalifa kush
1725,hybrid,khola
1726,indica,khufu
1727,hybrid,kid n cookies
1728,sativa,kilimanjaro
1729,hybrid,kill bill
1730,hybrid,killer grape
1731,hybrid,killer queen
1732,sativa,killing fields
1733,hybrid,kimbo kush
1734,hybrid,king cake
1735,hybrid,king kong
1736,indica,king louis
1737,hybrid,king thunder fuck
1738,sativa,kings bread
1739,indica,king kush
1740,hybrid,kings banner
1741,hybrid,kiss
1742,indica,kiwiskunk
1743,indica,kobain kush
1744,indica,king louis
1745,hybrid,king thunder fuck
1746,sativa,kings bread
1747,indica,king kush
1748,hybrid,kings banner
1749,hybrid,kiss
1750,indica,kiwiskunk
1751,indica,kobain kush
1752,hybrid,koloa sunrise
1753,sativa,koloa sunrise 47e37470d89f4b7890fa89ea59393eb6
1754,sativa,kona gold
1755,hybrid,kong
1756,indica,kool aid smile
1757,hybrid,koolato
1758,indica,kosher kush
1759,hybrid,kosher tangie
1760,hybrid,krakatoa
1761,indica,kraken
1762,indica,kreamy karamel
1763,indica,krishna kush
1764,indica,kritikal k
1765,indica,kryptonite
1766,hybrid,kuato
1767,indica,kubbie kush
1768,hybrid,kuchi
1769,hybrid,kurple fantasy
1770,hybrid,kush ben yamini
1771,hybrid,kush cleaner
1772,hybrid,kush hemp
1773,hybrid,kush rise
1774,hybrid,kush n cheese
1775,indica,kushadelic
1776,hybrid,kushage
1777,hybrid,kushashima
1778,indica,kushberry
1779,hybrid,leagle eagle
1780,hybrid,la sunshine
1781,indica,lak federal reserve
1782,hybrid,la cake
1783,hybrid,la chocolat
1784,indica,la confidential
1785,hybrid,la jack
1786,hybrid,la kookies
1787,hybrid,la kush
1788,indica,la og
1789,indica,la ultra
1790,hybrid,la woman
1791,hybrid,lapd
1792,hybrid,lsd
1793,hybrid,lvpk
1794,hybrid,la blanca
1795,indica,la blanca gold
1796,sativa,la nina
1797,sativa,la reina de africa
1798,hybrid,lady liberty
1799,hybrid,ladyburn 1974
1800,hybrid,lsd
1801,hybrid,lvpk
1802,hybrid,la blanca
1803,indica,la blanca gold
1804,sativa,la nina
1805,sativa,la reina de africa
1806,hybrid,lady liberty
1807,hybrid,ladyburn 1974
1808,hybrid,lake of fire
1809,sativa,lamb s bread
1810,hybrid,lambo og
1811,hybrid,lamborghini
1812,hybrid,lambs in space
1813,hybrid,landos stash
1814,hybrid,larry bird kush
1815,hybrid,larry og
1816,indica,las vegas purple kush bx
1817,indica,lashkar gah
1818,sativa,laughing buddha
1819,hybrid,laughing gas
1820,indica,lavender
1821,sativa,lavender haze
1822,hybrid,lavender jones
1823,hybrid,lazy lightning
1824,hybrid,lazy train
1825,hybrid,le silver royale
1826,sativa,leda uno
1827,indica,lee roy
1828,hybrid,legalized og
1829,indica,legend og
1830,sativa,legend of nigeria
1831,sativa,legendary lemon
1832,hybrid,lem chem
1833,hybrid,lemon alien dawg
1834,hybrid,lemon banana sherbet
1835,hybrid,lemon bananas
1836,sativa,lemon bubble
1837,sativa,lemon cake
1838,hybrid,lemon cookies
1839,sativa,lemon crme
1840,hybrid,lemon daddy
1841,hybrid,lemon diesel
1842,hybrid,lemon drop
1843,hybrid,lemon fire
1844,sativa,lemon g
1845,hybrid,lemon garlic og
1846,sativa,lemon haze
1847,sativa,lemon ice
1848,sativa,lemon jack
1849,hybrid,lemon jeffery
1850,hybrid,lemon kush
1851,hybrid,lemon kush headband
1852,hybrid,lemon larry lavender
1853,hybrid,lemon marmalade
1854,sativa,lemon meringue
1855,hybrid,lemon og haze
1856,sativa,lemon jack
1857,hybrid,lemon jeffery
1858,hybrid,lemon kush
1859,hybrid,lemon kush headband
1860,hybrid,lemon larry lavender
1861,hybrid,lemon marmalade
1862,sativa,lemon meringue
1863,hybrid,lemon og haze
1864,hybrid,lemon og
1865,sativa,lemon pie
1866,hybrid,lemon prevention
1867,sativa,lemon sativa
1868,hybrid,lemon skunk
1869,hybrid,lemon sorbet 3
1870,hybrid,lemon tangie
1871,sativa,lemon thai
1872,hybrid,lemon thai kush
1873,hybrid,lemon tree
1874,hybrid,lemon walker og
1875,hybrid,lemon wreck
1876,sativa,lemon zest
1877,hybrid,lemonberry
1878,hybrid,lemonchello 28
1879,hybrid,lemonder
1880,hybrid,lemongrass
1881,hybrid,lemonhead og
1882,sativa,lennon
1883,sativa,leonidas
1884,hybrid,lethal purple
1885,hybrid,liberty haze
1886,hybrid,lifesaver
1887,hybrid,lifestar
1888,hybrid,lifter
1889,sativa,light of jah
1890,hybrid,lil sebastian
1891,hybrid,lime green skunk
1892,sativa,key lime haze
1893,indica,lime purple mist
1894,sativa,lime skunk
1895,indica,lime sorbet
1896,indica,lime tart
1897,sativa,limon
1898,indica,lions gate
1899,hybrid,lions milk
1900,indica,liquid butter
1901,hybrid,little devil
1902,hybrid,little dragon
1903,sativa,llanera
1904,hybrid,locktite
1905,indica,locomotion
1906,hybrid,lodi dodi
1907,hybrid,logic diesel
1908,hybrid,longbottom leaf
1909,hybrid,loopy fruit
1910,hybrid,lost coast ghost
1911,hybrid,lost coast hash plant
1912,hybrid,locktite
1913,indica,locomotion
1914,hybrid,lodi dodi
1915,hybrid,logic diesel
1916,hybrid,longbottom leaf
1917,hybrid,loopy fruit
1918,hybrid,lost coast ghost
1919,hybrid,lost coast hash plant
1920,hybrid,lost coast og
1921,hybrid,lost sierra night nurse
1922,hybrid,lotus larry
1923,hybrid,loud dream
1924,hybrid,loud lemonade
1925,hybrid,loud scout
1926,hybrid,love boat
1927,hybrid,love is love
1928,sativa,love potion
1929,indica,love potion 9
1930,hybrid,love triangle
1931,hybrid,lowryder
1932,hybrid,loyality
1933,hybrid,luca brasi
1934,hybrid,luca brasi x sour diesel
1935,indica,lucid bolt
1936,hybrid,lucid dream
1937,indica,lucifer og
1938,hybrid,lucky charms
1939,hybrid,lucy
1940,indica,m 39
1941,hybrid,m1 56
1942,hybrid,mac
1943,hybrid,mc1
1944,hybrid,milf
1945,indica,mk ultra
1946,hybrid,mad dawg
1947,indica,mad scientist
1948,indica,madagascar
1949,sativa,madcow
1950,hybrid,madman og
1951,indica,madzilla
1952,hybrid,mag 91
1953,indica,mag landrace
1954,hybrid,magellan
1955,indica,magic beans og
1956,hybrid,magic jordan
1957,hybrid,magic melon
1958,indica,magnificent mile
1959,hybrid,magnum
1960,hybrid,magnum opus
1961,sativa,magnum pi
1962,hybrid,mai tai cookies
1963,hybrid,majestic 12
1964,sativa,mako haze
1965,sativa,malakoff
1966,sativa,malawi
1967,sativa,malawi gold
1968,hybrid,magnum opus
1969,sativa,magnum pi
1970,hybrid,mai tai cookies
1971,hybrid,majestic 12
1972,sativa,mako haze
1973,sativa,malakoff
1974,sativa,malawi
1975,sativa,malawi gold
1976,hybrid,mammoth
1977,hybrid,mandala 1
1978,hybrid,mandarin cookies
1979,hybrid,mandarin dreams
1980,hybrid,mandarin jack
1981,indica,mandarin sunset
1982,hybrid,mandarin tk
1983,hybrid,mandarin zkittlez
1984,indica,mango
1985,sativa,mango dream
1986,hybrid,mango habanero
1987,sativa,mango haze
1988,hybrid,mango kush
1989,hybrid,mango sapphire
1990,hybrid,mango sherbert
1991,hybrid,mango tango
1992,indica,mangolicious
1993,hybrid,manitoba poison
1994,indica,maple leaf indica
1995,hybrid,maramota 10
1996,hybrid,marcosus marshmellow
1997,hybrid,margaret cho g
1998,hybrid,marionberry kush
1999,hybrid,marionberry pie
2000,hybrid,marleys collie
2001,hybrid,marmalade
2002,indica,mars og
2003,hybrid,martian candy
2004,hybrid,martian mean green
2005,indica,martian muffins
2006,indica,master bubba
2007,indica,master jedi
2008,indica,master kush
2009,indica,master og
2010,hybrid,master skunk
2011,hybrid,master yoda
2012,sativa,matanuska thunder fuck
2013,indica,mataro blue
2014,indica,matsu
2015,hybrid,mau mau
2016,sativa,maui
2017,hybrid,maui berry
2018,hybrid,maui bubble gift
2019,sativa,maui citrus punch
2020,hybrid,maui haole
2021,hybrid,maui mango diesel
2022,hybrid,maui pineapple chunk
2023,sativa,maui wowie
2024,sativa,maui
2025,hybrid,maui berry
2026,hybrid,maui bubble gift
2027,sativa,maui citrus punch
2028,hybrid,maui haole
2029,hybrid,maui mango diesel
2030,hybrid,maui pineapple chunk
2031,sativa,maui wowie
2032,hybrid,mauna kea white fire og
2033,indica,mazar i sharif
2034,indica,mazar kush
2035,hybrid,mazar x blueberry
2036,hybrid,skywalker og
2037,indica,mazari
2038,hybrid,mean misty
2039,sativa,medihaze
2040,hybrid,medibud
2041,indica,medical 49
2042,hybrid,medicine man
2043,hybrid,medicine woman
2044,hybrid,medusa
2045,hybrid,mega jackpot
2046,sativa,megalodon
2047,sativa,mekamika haze
2048,hybrid,melon gum
2049,hybrid,melonberry
2050,hybrid,member berry
2051,sativa,memory loss
2052,indica,mendo afgoo
2053,indica,mendo breath
2054,hybrid,mendo montage
2055,hybrid,mendo queen
2056,hybrid,mendo supremo
2057,hybrid,mendocino madness
2058,hybrid,mendocino purps
2059,indica,mercury og
2060,indica,merlot og
2061,sativa,mexican
2062,hybrid,mexican kush
2063,sativa,mexican sativa
2064,hybrid,michael phelps og
2065,sativa,michka
2066,sativa,mickey kush
2067,hybrid,middlefork
2068,sativa,middlefork x pineapple express
2069,hybrid,midnight
2070,hybrid,mighty glue
2071,hybrid,mighty quin
2072,hybrid,mike larry
2073,indica,milky way
2074,hybrid,millennium
2075,hybrid,mimosa
2076,hybrid,mint chocolate chip
2077,hybrid,mint lemonade
2078,hybrid,mission kush
2079,indica,misty kush
2080,hybrid,mike larry
2081,indica,milky way
2082,hybrid,millennium
2083,hybrid,mimosa
2084,hybrid,mint chocolate chip
2085,hybrid,mint lemonade
2086,hybrid,mission kush
2087,indica,misty kush
2088,hybrid,misty morning
2089,hybrid,mob boss
2090,sativa,moby dick
2091,hybrid,mochi
2092,indica,molokai frost
2093,indica,molokai purpz
2094,indica,money maker
2095,indica,monkey bread 1
2096,hybrid,monkey paw
2097,hybrid,monkey thunder
2098,indica,monolith
2099,indica,monster cookies
2100,hybrid,monster og
2101,hybrid,montana silvertip
2102,hybrid,moon cookies
2103,hybrid,moon drops
2104,indica,moon walk
2105,indica,moonbeam
2106,sativa,moondance
2107,sativa,moonshine haze
2108,hybrid,moontang
2109,hybrid,moonwalker kush
2110,sativa,moose and lobsta
2111,hybrid,more cowbell
2112,hybrid,morning glory
2113,hybrid,morning star
2114,indica,mossad
2115,indica,mossimo og
2116,indica,motavation
2117,sativa,mother tongue
2118,indica,mother of all cherries
2119,indica,mother of berries
2120,hybrid,mothers milk
2121,sativa,mothertongue
2122,sativa,mothers finest
2123,hybrid,mothers helper
2124,hybrid,motorbreath
2125,hybrid,mountain girl
2126,hybrid,mountain girl x grape ape
2127,sativa,mountain temple
2128,sativa,mountain thunder
2129,hybrid,mozambique poison
2130,indica,mr nice
2131,hybrid,mr tusk
2132,hybrid,ms universe
2133,indica,mt cook
2134,hybrid,mt hood magic
2135,hybrid,mt rainier
2136,sativa,mountain thunder
2137,hybrid,mozambique poison
2138,indica,mr nice
2139,hybrid,mr tusk
2140,hybrid,ms universe
2141,indica,mt cook
2142,hybrid,mt hood magic
2143,hybrid,mt rainier
2144,indica,mud bite
2145,indica,murkle
2146,hybrid,mystery 98
2147,hybrid,mystery jazz
2148,sativa,nl5 haze mist
2149,hybrid,ny cheese
2150,hybrid,ny 47
2151,hybrid,nyc diesel
2152,sativa,nypd
2153,hybrid,nanas fix
2154,sativa,narnia
2155,hybrid,nchoosha y
2156,hybrid,nebula
2157,hybrid,nebula ii cbd
2158,sativa,nectarine lips
2159,indica,negra 44
2160,hybrid,neil haze
2161,sativa,nepalese
2162,hybrid,nepalese jam
2163,indica,neptune kush
2164,indica,neptune og
2165,hybrid,neroli 91
2166,sativa,nevils wreck
2167,sativa,nevilles haze
2168,hybrid,new glue
2169,hybrid,newberry
2170,indica,nexus og
2171,indica,nice cherry
2172,indica,nicole kush
2173,indica,night nurse
2174,indica,night terror og
2175,indica,night train
2176,sativa,nightfire og
2177,hybrid,nightmare cookies
2178,hybrid,nightmare og
2179,sativa,nina limone
2180,hybrid,ninja fruit
2181,hybrid,nor cal purps
2182,indica,nordle
2183,indica,north american
2184,sativa,north american sativa
2185,indica,north indian
2186,indica,northernberry
2187,hybrid,northern cross
2188,indica,northern lights
2189,indica,northern lights 5
2190,sativa,northern lights 5 x haze
2191,hybrid,northern skunk
2192,sativa,north american sativa
2193,indica,north indian
2194,indica,northernberry
2195,hybrid,northern cross
2196,indica,northern lights
2197,indica,northern lights 5
2198,sativa,northern lights 5 x haze
2199,hybrid,northern skunk
2200,indica,northern wreck
2201,hybrid,northwest pineapple
2202,indica,nova
2203,hybrid,nuclear cookies
2204,indica,nuggetry og
2205,hybrid,nukeheads
2206,indica,nuken
2207,sativa,nurse jackie
2208,indica,oca gold
2209,hybrid,ocas cloud 9
2210,sativa,ocd
2211,hybrid,og 18
2212,indica,og 1 kenobi
2213,hybrid,og cheese
2214,hybrid,og chem
2215,hybrid,og diesel kush
2216,indica,og eddy lepp
2217,hybrid,og glue sniffer
2218,hybrid,og kush
2219,indica,og la affie
2220,hybrid,og lime killer
2221,indica,og los angeles kush
2222,hybrid,og poison
2223,hybrid,og purple fire thai
2224,hybrid,og ringo
2225,hybrid,og shark
2226,hybrid,og skunk
2227,hybrid,og sour diesel
2228,hybrid,og strawberry
2229,hybrid,og strawberry star killer
2230,hybrid,og tonic
2231,hybrid,og wreck
2232,indica,ogs pearl
2233,hybrid,ogkb
2234,hybrid,ogkz
2235,hybrid,ogiesel
2236,indica,obama kush
2237,sativa,ocean view
2238,hybrid,odyssey
2239,hybrid,ogre
2240,indica,ogre berry
2241,hybrid,ol betsy
2242,hybrid,old dirty biker
2243,hybrid,old lyme connecticut og
2244,sativa,old mother sativa
2245,hybrid,old school og
2246,hybrid,old toby
2247,sativa,oldtimers haze
2248,indica,ogre berry
2249,hybrid,ol betsy
2250,hybrid,old dirty biker
2251,hybrid,old lyme connecticut og
2252,sativa,old mother sativa
2253,hybrid,old school og
2254,hybrid,old toby
2255,sativa,oldtimers haze
2256,hybrid,omega
2257,hybrid,omega dawg
2258,hybrid,one to one
2259,indica,opal og kush
2260,hybrid,opium
2261,hybrid,or
2262,indica,orange afghani
2263,hybrid,orange blossom
2264,hybrid,orange bud
2265,hybrid,orange cookies
2266,hybrid,orange cream
2267,hybrid,orange creamsicle
2268,hybrid,orange crush
2269,hybrid,orange diesel
2270,hybrid,orange dream
2271,sativa,orange durban
2272,hybrid,orange fanta
2273,hybrid,orange harambe
2274,hybrid,orange haze
2275,hybrid,orange hill special
2276,hybrid,orange juice
2277,indica,orange kush
2278,hybrid,orange kush breath
2279,hybrid,orange poison
2280,indica,orange romulan
2281,hybrid,orange skunk
2282,hybrid,orange snow cone
2283,hybrid,orange turbo
2284,hybrid,orange velvet
2285,sativa,orange wreck
2286,hybrid,orangutang
2287,indica,oregon diesel
2288,hybrid,oregon pineapple
2289,sativa,oregon pinot noir
2290,hybrid,organic diesel
2291,hybrid,orient express
2292,hybrid,original glue
2293,indica,ortega
2294,hybrid,oteils egyptian kush
2295,sativa,outer space
2296,sativa,outlaw
2297,hybrid,ozma
2298,indica,p 51
2299,hybrid,p 91
2300,hybrid,pb souffl
2301,hybrid,ptsd
2302,indica,pvc og
2303,indica,pacific blue
2304,sativa,outlaw
2305,hybrid,ozma
2306,indica,p 51
2307,hybrid,p 91
2308,hybrid,pb souffl
2309,hybrid,ptsd
2310,indica,pvc og
2311,indica,pacific blue
2312,hybrid,pacific frost
2313,sativa,pagoda
2314,indica,pakistan valley kush
2315,indica,pakistani chitral kush
2316,indica,palm tree cbd
2317,indica,pamelina
2318,hybrid,pan jam
2319,sativa,panama punch
2320,sativa,panama red
2321,hybrid,panda og
2322,sativa,pandoras box
2323,hybrid,panzer kush
2324,indica,papas og
2325,indica,papaya
2326,indica,paris og
2327,indica,paris xxx
2328,hybrid,patti cake
2329,hybrid,peach cobbler
2330,hybrid,peach crescendo f 1
2331,hybrid,peach puree
2332,hybrid,peaches and cream
2333,hybrid,peachy mack
2334,hybrid,pearl scout cookies
2335,hybrid,peles fire og
2336,indica,pennywise
2337,hybrid,peppermint cookies
2338,hybrid,perfect purple
2339,hybrid,permafrost
2340,indica,pestilence
2341,indica,petrolia headstash
2342,indica,peyote cookies
2343,hybrid,peyton manning
2344,indica,pez
2345,indica,phantom arrow
2346,hybrid,phantom cookies
2347,indica,phantom og
2348,indica,phatt frutty
2349,hybrid,pheno 51
2350,indica,phishhead kush
2351,hybrid,pie face og
2352,hybrid,pie hoe
2353,hybrid,pine cone
2354,hybrid,pine queen dream
2355,indica,pine tar kush
2356,hybrid,pineapple
2357,hybrid,pineapple calyx
2358,hybrid,pineapple chunk
2359,hybrid,pineapple cookies
2360,hybrid,pie hoe
2361,hybrid,pine cone
2362,hybrid,pine queen dream
2363,indica,pine tar kush
2364,hybrid,pineapple
2365,hybrid,pineapple calyx
2366,hybrid,pineapple chunk
2367,hybrid,pineapple cookies
2368,hybrid,pineapple diesel
2369,hybrid,pineapple dog shit
2370,hybrid,pineapple express
2371,sativa,pineapple fields
2372,sativa,pineapple haze
2373,sativa,pineapple jack
2374,hybrid,pineapple kush
2375,hybrid,pineapple mayhem
2376,sativa,pineapple og
2377,sativa,pineapple punch
2378,hybrid,pineapple purple skunk
2379,sativa,pineapple purps
2380,hybrid,pineapple sage 0c9f3c369b6a422f94ef911b8ba67373
2381,sativa,pineapple sage
2382,hybrid,pineapple skunk
2383,sativa,pineapple super silver haze
2384,sativa,pineapple thai
2385,hybrid,pineapple trainwreck
2386,hybrid,pineapple upside down cake
2387,hybrid,pineapple zest
2388,hybrid,pineberry
2389,hybrid,pinewarp
2390,indica,pink berry
2391,indica,pink bubba
2392,indica,pink champagne
2393,hybrid,pink cookies
2394,indica,pink death star
2395,hybrid,pink hawaiian
2396,hybrid,pink kush
2397,hybrid,pink lemonade
2398,hybrid,pink mango
2399,hybrid,pink panther
2400,indica,pink panties
2401,hybrid,pink pez
2402,hybrid,pink starburst
2403,indica,pink sunset
2404,indica,pinkman goo
2405,sativa,pinot green
2406,hybrid,pirate radio
2407,indica,pitbull
2408,sativa,pia collision
2409,indica,placenta
2410,indica,platinum bubba kush
2411,hybrid,platinum calyx
2412,hybrid,platinum gsc
2413,hybrid,platinum huckleberry cookies
2414,indica,platinum kush
2415,indica,platinum og
2416,sativa,pia collision
2417,indica,placenta
2418,indica,platinum bubba kush
2419,hybrid,platinum calyx
2420,hybrid,platinum gsc
2421,hybrid,platinum huckleberry cookies
2422,indica,platinum kush
2423,indica,platinum og
2424,indica,platinum purple kush
2425,hybrid,platinum sour diesel
2426,hybrid,platinum wreck
2427,hybrid,plum dawg millionaire
2428,indica,plushberry
2429,indica,pluto kush
2430,sativa,poison haze
2431,indica,pokie
2432,sativa,poochie love
2433,hybrid,pop rox
2434,indica,popcorn kush
2435,indica,pot of gold
2436,sativa,powderhound
2437,indica,power kush
2438,sativa,power plant
2439,hybrid,power purps
2440,hybrid,powernap
2441,hybrid,prayer tower
2442,indica,pre 98 bubba kush
2443,hybrid,predator pink
2444,indica,presidential og
2445,indica,prevention
2446,indica,primus
2447,sativa,princess
2448,hybrid,princesss tiara
2449,hybrid,prismatic jack
2450,hybrid,professor chaos
2451,hybrid,project blue book
2452,sativa,proper pho shatter s
2453,indica,puna buddaz
2454,hybrid,puna budder
2455,indica,punky lion
2456,sativa,punto rojo tierra adentro
2457,hybrid,punxsy punch
2458,hybrid,pura vida
2459,indica,pure afghan
2460,indica,pure kush
2461,indica,pure love
2462,indica,pure og
2463,hybrid,pure power plant
2464,hybrid,purple ak 47
2465,indica,purple afghani
2466,hybrid,purple alien og
2467,hybrid,purple animal cookies
2468,hybrid,purple arrow
2469,hybrid,purple aurora
2470,indica,purple berry
2471,hybrid,purple berry skunk
2472,hybrid,purple ak 47
2473,indica,purple afghani
2474,hybrid,purple alien og
2475,hybrid,purple animal cookies
2476,hybrid,purple arrow
2477,hybrid,purple aurora
2478,indica,purple berry
2479,hybrid,purple berry skunk
2480,indica,purple bubba
2481,indica,purple bud
2482,indica,purple buddha
2483,indica,purple bush
2484,indica,purple candy
2485,sativa,purple champagne
2486,indica,purple cheddar
2487,hybrid,purple cheese
2488,indica,purple chemdawg
2489,indica,purple cotton candy
2490,sativa,purple cow
2491,hybrid,purple crack
2492,indica,purple cream
2493,hybrid,purple diesel
2494,hybrid,purple dog shit
2495,indica,purple dragon
2496,hybrid,purple dream
2497,indica,purple elephant
2498,hybrid,purple frost
2499,hybrid,purple glue
2500,hybrid,purple goat
2501,indica,purple goo
2502,hybrid,purple gorilla
2503,indica,purple happy rancher
2504,hybrid,purple hashplant
2505,sativa,purple haze
2506,hybrid,purple headband
2507,indica,purple hindu kush
2508,hybrid,purple ice
2509,hybrid,purple jack
2510,indica,purple killer
2511,indica,purple kush
2512,indica,purple linda
2513,indica,purple martian kush
2514,hybrid,purple maui
2515,indica,purple monkey balls
2516,hybrid,purple moss
2517,indica,purple mr nice
2518,indica,purple nepal
2519,indica,purple og kush
2520,hybrid,purple pantera
2521,indica,purple panty dropper
2522,hybrid,purple paralysis
2523,indica,purple passion
2524,indica,purple people eater
2525,hybrid,purple pie
2526,indica,purple pinecone
2527,sativa,purple power
2528,hybrid,purple pantera
2529,indica,purple panty dropper
2530,hybrid,purple paralysis
2531,indica,purple passion
2532,indica,purple people eater
2533,hybrid,purple pie
2534,indica,purple pinecone
2535,sativa,purple power
2536,hybrid,purple prevention
2537,hybrid,purple princess
2538,indica,purple punch
2539,hybrid,purple raine
2540,hybrid,purple rhino
2541,hybrid,purple sage
2542,hybrid,purple skunk
2543,hybrid,purple sour diesel
2544,indica,purple star
2545,indica,purple swish
2546,sativa,purple tangie
2547,hybrid,purple tears
2548,sativa,purple thai
2549,hybrid,purple tide
2550,indica,purple tonic
2551,hybrid,purple trainwreck
2552,indica,purple urkle
2553,hybrid,purple voodoo
2554,hybrid,purple widow
2555,indica,purple wreck
2556,sativa,q3
2557,hybrid,qleaner
2558,hybrid,qrazy train
2559,hybrid,quad dawg
2560,sativa,quantum kush
2561,hybrid,quebec gold
2562,indica,queen mother goji
2563,hybrid,queens panties
2564,indica,querkle
2565,hybrid,queso
2566,indica,quin n tonic
2567,hybrid,quiver killer kush
2568,indica,qush
2569,hybrid,r 4
2570,hybrid,rks
2571,hybrid,race fuel og
2572,sativa,rafael
2573,hybrid,rainbow
2574,indica,rainbow jones
2575,hybrid,raindance
2576,hybrid,ramses
2577,indica,rare dankness 1
2578,indica,rare darkness
2579,hybrid,raskal og
2580,sativa,raspberry cough
2581,hybrid,raspberry diesel
2582,indica,raspberry kush
2583,hybrid,raspberry tart
2584,hybrid,ramses
2585,indica,rare dankness 1
2586,indica,rare darkness
2587,hybrid,raskal og
2588,sativa,raspberry cough
2589,hybrid,raspberry diesel
2590,indica,raspberry kush
2591,hybrid,raspberry tart
2592,hybrid,raw diesel
2593,indica,ray charles
2594,hybrid,rebel berry og
2595,sativa,rebel god smoke
2596,sativa,rebel tangie kandy
2597,indica,reclining buddha
2598,indica,recon
2599,hybrid,red cherry berry
2600,sativa,red congolese
2601,hybrid,red diesel
2602,hybrid,red dragon
2603,indica,red dwarf
2604,indica,red eye og
2605,sativa,red haze
2606,sativa,red headed stranger
2607,hybrid,red poison
2608,hybrid,red rhino
2609,hybrid,red velvet pie
2610,hybrid,red widow
2611,hybrid,redd cross
2612,hybrid,redding og
2613,indica,redwood kush
2614,indica,remedy
2615,hybrid,remo chemo
2616,hybrid,rene
2617,hybrid,rene mist
2618,hybrid,revival
2619,hybrid,richie rich
2620,hybrid,riddler og
2621,sativa,ridge berry
2622,indica,rigger kush
2623,hybrid,ringos gift
2624,indica,rip city purps
2625,hybrid,ripped bubba
2626,hybrid,rise n shine
2627,hybrid,river song
2628,hybrid,road dawg
2629,hybrid,rob ford kush
2630,sativa,robert plant
2631,indica,rockbud
2632,hybrid,rocket fuel
2633,indica,rocklock
2634,indica,rockstar
2635,indica,rockstar kush
2636,indica,rockstar master kush
2637,hybrid,rocky dennis
2638,indica,rocky mountain blueberry
2639,hybrid,rocky mountain high
2640,hybrid,rocket fuel
2641,indica,rocklock
2642,indica,rockstar
2643,indica,rockstar kush
2644,indica,rockstar master kush
2645,hybrid,rocky dennis
2646,indica,rocky mountain blueberry
2647,hybrid,rocky mountain high
2648,indica,rollex og kush
2649,hybrid,rolls choice
2650,hybrid,romping goddess
2651,indica,romulan
2652,hybrid,romulan grapefruit
2653,hybrid,romulan haze
2654,sativa,root beer kush
2655,indica,rose bud
2656,hybrid,royal chemdawg
2657,hybrid,royal dwarf
2658,sativa,royal haze
2659,hybrid,royal highness
2660,hybrid,royal kush
2661,sativa,royal salute
2662,hybrid,royal tree sherbet
2663,hybrid,roz
2664,hybrid,rubicon
2665,hybrid,rudeboi og
2666,hybrid,rug burn og
2667,indica,russian assassin
2668,sativa,russian doll
2669,hybrid,russian rocket fuel
2670,indica,russian roulette
2671,hybrid,sage
2672,hybrid,sage walker
2673,hybrid,sfv dog
2674,hybrid,sfv og
2675,indica,sfv og kush
2676,sativa,sour land
2677,hybrid,safety meeting
2678,sativa,sage n sour
2679,indica,salmon river og
2680,hybrid,samoa kush
2681,sativa,santa maria
2682,sativa,santa sativa
2683,hybrid,sapphire cherries
2684,hybrid,sapphire scout
2685,hybrid,sapphire star
2686,hybrid,sasquatch sap
2687,indica,satellite og
2688,hybrid,satori
2689,hybrid,satsuma
2690,hybrid,saturn og
2691,hybrid,savage citrus sunshine
2692,hybrid,savants grail
2693,sativa,schrom
2694,hybrid,scooby snack
2695,hybrid,scotts og
2696,hybrid,satori
2697,hybrid,satsuma
2698,hybrid,saturn og
2699,hybrid,savage citrus sunshine
2700,hybrid,savants grail
2701,sativa,schrom
2702,hybrid,scooby snack
2703,hybrid,scotts og
2704,hybrid,scouts honor
2705,hybrid,scroopy noopers
2706,indica,seattle blue
2707,sativa,seattle cough
2708,hybrid,seattle summer
2709,hybrid,seattlesoda
2710,indica,secret garden og
2711,hybrid,secret recipe
2712,indica,sensi skunk
2713,indica,sensi star
2714,sativa,sequoia strawberry
2715,hybrid,sergerbloom haze
2716,sativa,serious 6
2717,hybrid,serious happiness
2718,indica,sexxpot
2719,sativa,shaman
2720,hybrid,shamans dream
2721,hybrid,shangri la
2722,indica,shark attack
2723,hybrid,shark bite
2724,indica,shark shock
2725,hybrid,sharks breath
2726,hybrid,sunset sherbert
2727,hybrid,shiatsu kush
2728,sativa,shining silver haze
2729,sativa,shipwreck
2730,indica,shishkaberry
2731,hybrid,shiskaquine
2732,indica,shiva skunk
2733,hybrid,shoreline
2734,hybrid,shurman
2735,hybrid,siddharthas dream
2736,hybrid,sidetracked
2737,hybrid,sierra mist
2738,hybrid,silver back
2739,hybrid,silver bubble
2740,hybrid,silver calyx
2741,hybrid,silver cindy
2742,sativa,silver haze
2743,sativa,silver kush
2744,hybrid,silver mountain
2745,hybrid,silver nina
2746,hybrid,silver pearl
2747,hybrid,silver surfer
2748,sativa,silver train
2749,indica,silverback gorilla
2750,hybrid,silverfalls kush
2751,sativa,silverhawks og
2752,hybrid,silver mountain
2753,hybrid,silver nina
2754,hybrid,silver pearl
2755,hybrid,silver surfer
2756,sativa,silver train
2757,indica,silverback gorilla
2758,hybrid,silverfalls kush
2759,sativa,silverhawks og
2760,indica,sin city kush
2761,hybrid,sin valley og
2762,hybrid,sinmint cookies
2763,sativa,sinai
2764,indica,sirius black
2765,hybrid,gg 1
2766,hybrid,six shooter
2767,hybrid,sizzurp
2768,hybrid,skins skunk
2769,indica,skunk 47
2770,sativa,skunk dawg
2771,hybrid,skunk haze
2772,hybrid,skunk 1
2773,indica,skunk plus
2774,hybrid,skunkberry
2775,hybrid,skunky diesel
2776,hybrid,sky lotus
2777,sativa,sky master
2778,indica,skydog
2779,hybrid,skywalker alien
2780,sativa,slazerbeam
2781,sativa,sleeskunk
2782,sativa,sleestack
2783,hybrid,slice of heaven
2784,hybrid,slimer og
2785,hybrid,slurpie
2786,hybrid,smelliot
2787,hybrid,smooth operator
2788,indica,snoop dogg og
2789,hybrid,snoop s dream
2790,hybrid,snow bud
2791,hybrid,snow diesel
2792,hybrid,snow goddess
2793,indica,snow leopard
2794,hybrid,snow lotus
2795,indica,snow monster
2796,indica,snow mountain
2797,indica,snow ryder
2798,hybrid,snow white
2799,hybrid,snowland
2800,hybrid,snowcap
2801,sativa,sojay haze
2802,hybrid,solos stash
2803,indica,somango
2804,sativa,sonic screwdriver
2805,sativa,sonoma coma
2806,hybrid,soraya
2807,hybrid,sorbet 4
2808,hybrid,snowcap
2809,sativa,sojay haze
2810,hybrid,solos stash
2811,indica,somango
2812,sativa,sonic screwdriver
2813,sativa,sonoma coma
2814,hybrid,soraya
2815,hybrid,sorbet 4
2816,hybrid,sorbet dreams
2817,hybrid,sorbet stash
2818,hybrid,sorbetto
2819,hybrid,sorcerers apprentice
2820,hybrid,soul assassin og
2821,hybrid,soul shine
2822,indica,soulshine aloha
2823,hybrid,sour alien
2824,sativa,sour amnesia
2825,indica,sour ape
2826,hybrid,sour apple
2827,hybrid,sour banana sherbet
2828,hybrid,sour blueberry
2829,hybrid,sour boggle
2830,sativa,sour breath
2831,indica,sour bubba
2832,indica,sour bubble
2833,hybrid,sour candy
2834,hybrid,sour chees
2835,hybrid,sour cherry sherbert
2836,sativa,sour chocolate
2837,hybrid,sour chunk
2838,hybrid,sour cookies
2839,hybrid,sour cream
2840,sativa,sour diesel
2841,hybrid,sour dream
2842,hybrid,sour dubble
2843,sativa,sour flower
2844,hybrid,sour grape
2845,sativa,sour haze
2846,hybrid,sour headband
2847,sativa,sour jack
2848,hybrid,sour jilly
2849,sativa,sour joker
2850,hybrid,sour kosher
2851,hybrid,sour kush
2852,hybrid,sour lsd
2853,hybrid,sour lemon og
2854,hybrid,sour lemons
2855,hybrid,sour lifesavers
2856,sativa,sour maui
2857,hybrid,sour og
2858,hybrid,sour patch kiss
2859,sativa,sour pebbles
2860,sativa,sour poison
2861,hybrid,sour power
2862,hybrid,sour power og
2863,hybrid,sour sorbet
2864,sativa,sour maui
2865,hybrid,sour og
2866,hybrid,sour patch kiss
2867,sativa,sour pebbles
2868,sativa,sour poison
2869,hybrid,sour power
2870,hybrid,sour power og
2871,hybrid,sour sorbet
2872,hybrid,sour space candy
2873,indica,sour spyder
2874,sativa,sour star head
2875,hybrid,sour strawberry
2876,hybrid,sour strawberry diesel
2877,hybrid,sour sunset
2878,sativa,sour tangie
2879,hybrid,sour tsunami
2880,hybrid,sour urkle
2881,sativa,sour willie
2882,sativa,sourlope
2883,sativa,south american
2884,indica,south asian
2885,sativa,south asian sativa
2886,indica,south central la
2887,indica,south indian indica
2888,sativa,south indian
2889,sativa,southern lights
2890,hybrid,space bomb
2891,hybrid,space cake
2892,hybrid,space candy
2893,hybrid,space cream
2894,indica,space dawg
2895,sativa,space jill
2896,indica,space monster
2897,sativa,space needle
2898,hybrid,space poison
2899,hybrid,space queen
2900,hybrid,special k
2901,indica,special kush 1
2902,hybrid,special sauce
2903,hybrid,spicy disco
2904,hybrid,spiked punch
2905,hybrid,spirit of 76
2906,sativa,spliffs strawberry
2907,indica,spoetnik 1
2908,hybrid,spumoni
2909,sativa,sputnik
2910,hybrid,spyder mon
2911,hybrid,star 47
2912,indica,star berry
2913,indica,star killer
2914,indica,star master kush
2915,hybrid,star pupil
2916,hybrid,star tonic
2917,indica,starbud
2918,hybrid,stardawg
2919,indica,stardawg 91
2920,indica,star berry
2921,indica,star killer
2922,indica,star master kush
2923,hybrid,star pupil
2924,hybrid,star tonic
2925,indica,starbud
2926,hybrid,stardawg
2927,indica,stardawg 91
2928,sativa,stardawg guava
2929,hybrid,starfighter
2930,hybrid,starman
2931,hybrid,starry night
2932,hybrid,stashsquatch
2933,sativa,stella blue
2934,indica,stephen hawking kush
2935,hybrid,stevie wonder
2936,hybrid,stinky pete
2937,hybrid,stoopid fruits
2938,sativa,straight as haze
2939,hybrid,strange brew
2940,hybrid,strawberries cream
2941,sativa,strawberry
2942,hybrid,strawberry alien kush
2943,sativa,strawberry amnesia
2944,hybrid,strawberry banana
2945,sativa,strawberry blonde
2946,hybrid,strawberry blondie
2947,sativa,strawberry blue
2948,indica,strawberry cheesecake
2949,sativa,strawberry cough
2950,hybrid,strawberry diesel
2951,hybrid,strawberry dream
2952,sativa,strawberry durban diesel
2953,indica,strawberry fields
2954,indica,strawberry frost
2955,sativa,strawberry ice
2956,hybrid,strawberry kush
2957,sativa,strawberry lemonade
2958,sativa,strawberry mango haze
2959,hybrid,strawberry milkshake
2960,hybrid,strawberry og
2961,sativa,strawberry satori
2962,indica,strawberry shortcake
2963,hybrid,strawberry snow cone
2964,hybrid,strawberry sorbet
2965,sativa,sublime
2966,indica,sugar black rose
2967,hybrid,sugar breath
2968,hybrid,sugar calyx
2969,hybrid,sugar cookie
2970,indica,sugar kush
2971,indica,sugar mama
2972,hybrid,sugar pine
2973,sativa,sugar plum
2974,indica,joliet jake
2975,hybrid,sugar punch
2976,hybrid,sugar calyx
2977,hybrid,sugar cookie
2978,indica,sugar kush
2979,indica,sugar mama
2980,hybrid,sugar pine
2981,sativa,sugar plum
2982,indica,joliet jake
2983,hybrid,sugar punch
2984,hybrid,sugar shack
2985,hybrid,suicide girl
2986,hybrid,summer breeze
2987,sativa,summertime squeeze
2988,sativa,sumo grande
2989,indica,sumo og kush
2990,sativa,sun ra
2991,sativa,sunburn
2992,hybrid,sundae driver
2993,hybrid,sunlight skunk
2994,hybrid,sunny d
2995,indica,sunset
2996,hybrid,sunset fire
2997,hybrid,sunset haze
2998,sativa,sunshine
2999,hybrid,sunshine 4
3000,indica,sunshine daydream
3001,sativa,supa don
3002,indica,super chronic
3003,hybrid,super blue dream
3004,indica,super bud
3005,sativa,super cat piss
3006,indica,super cheese
3007,sativa,super g
3008,hybrid,super glu
3009,sativa,super green crack
3010,sativa,super jack
3011,indica,super kush
3012,sativa,super lemon haze
3013,hybrid,super lemon og
3014,hybrid,super silver bullet
3015,hybrid,super silver hash plant
3016,sativa,super silver haze
3017,hybrid,super silver lights
3018,indica,super skunk
3019,sativa,super snow dog
3020,hybrid,super snow lotus
3021,sativa,super sour diesel
3022,hybrid,super sour lemon
3023,hybrid,super sour og
3024,hybrid,super sour skunk
3025,hybrid,super sour widow
3026,hybrid,super sweet
3027,indica,supergirl
3028,hybrid,superglue
3029,indica,superman og
3030,hybrid,supermax og
3031,sativa,supernatural
3032,hybrid,super sour skunk
3033,hybrid,super sour widow
3034,hybrid,super sweet
3035,indica,supergirl
3036,hybrid,superglue
3037,indica,superman og
3038,hybrid,supermax og
3039,sativa,supernatural
3040,hybrid,supernova
3041,hybrid,superstar
3042,hybrid,suver haze
3043,hybrid,suzy q
3044,sativa,swazi gold
3045,hybrid,sweet sour cindy
3046,sativa,sweet amnesia haze
3047,indica,sweet baby jane
3048,hybrid,sweet berry
3049,indica,sweet black angel
3050,sativa,sweet cheese
3051,hybrid,sweet cindy
3052,indica,sweet deep grapefruit
3053,sativa,sweet diesel
3054,hybrid,sweet dream
3055,hybrid,sweet dreams
3056,indica,sweet dreams b44e9f5d217a4d5eba9365ffa0047a94
3057,hybrid,sweet harlem diesel
3058,hybrid,sweet hawaiian tangie banana
3059,sativa,sweet jane
3060,sativa,sweet jesus
3061,hybrid,sweet kush
3062,indica,sweet lafayette
3063,hybrid,sweet nina
3064,hybrid,sweet pebbles
3065,hybrid,sweet pure cbd
3066,hybrid,sweet skunk
3067,indica,sweet tooth
3068,hybrid,sweet valley kush
3069,indica,sweet and sour widow
3070,hybrid,sweeties
3071,hybrid,swiss bliss
3072,sativa,swiss gold
3073,indica,swiss
3074,sativa,swiss sativa
3075,sativa,swiss tsunami
3076,hybrid,thc bomb
3077,hybrid,tjs cbd
3078,hybrid,tachllta till
3079,hybrid,tahoe alien
3080,hybrid,tahoe frostbite
3081,hybrid,tahoe hydro champagne
3082,hybrid,tahoe hydro og
3083,hybrid,tahoe og
3084,indica,tahoe purps
3085,indica,taliban poison
3086,hybrid,tangelo
3087,hybrid,tangelo kush
3088,hybrid,tahoe frostbite
3089,hybrid,tahoe hydro champagne
3090,hybrid,tahoe hydro og
3091,hybrid,tahoe og
3092,indica,tahoe purps
3093,indica,taliban poison
3094,hybrid,tangelo
3095,hybrid,tangelo kush
3096,hybrid,tangenesia
3097,hybrid,tangerine
3098,hybrid,tangerine dream
3099,hybrid,tangerine haze
3100,indica,tangerine kush
3101,sativa,tangerine man
3102,hybrid,tangerine power
3103,sativa,tangerine sunrise
3104,sativa,tangerine trainwreck haze
3105,sativa,tangie
3106,hybrid,tangie biscotti
3107,sativa,tangie cookies
3108,hybrid,tangie dream
3109,sativa,tangie ghost train
3110,hybrid,tangie sunrise
3111,hybrid,tangier chilly
3112,sativa,tangilope
3113,hybrid,tango kush
3114,sativa,tardis
3115,hybrid,tarmonster
3116,hybrid,tembo kush
3117,indica,terminator og
3118,hybrid,tesla
3119,sativa,tesla tower
3120,sativa,thai
3121,hybrid,thai fantasy
3122,hybrid,thai girl
3123,sativa,thai haze
3124,hybrid,thai lights
3125,sativa,thai tanic
3126,hybrid,thaidal wave
3127,hybrid,the big dirty
3128,indica,the black
3129,hybrid,the bling
3130,hybrid,the blintz
3131,sativa,the blood
3132,hybrid,the boss
3133,hybrid,the brotherhood
3134,hybrid,the cbg blend
3135,sativa,the cough
3136,indica,the doctor
3137,hybrid,the flav
3138,hybrid,the forbidden candy
3139,sativa,the fork
3140,hybrid,the fuzz
3141,hybrid,the gift
3142,hybrid,the grunk
3143,hybrid,the guice
3144,indica,the doctor
3145,hybrid,the flav
3146,hybrid,the forbidden candy
3147,sativa,the fork
3148,hybrid,the fuzz
3149,hybrid,the gift
3150,hybrid,the grunk
3151,hybrid,the guice
3152,indica,hog
3153,hybrid,the lime
3154,indica,the loops
3155,indica,the ox
3156,hybrid,the one
3157,indica,the ooze
3158,hybrid,the original lemonnade
3159,hybrid,the real mccoy
3160,hybrid,the sauce
3161,hybrid,the sheriff
3162,indica,the sister
3163,hybrid,the third dimension
3164,hybrid,the truth
3165,hybrid,the vision
3166,hybrid,the void
3167,hybrid,the white
3168,hybrid,the white angel
3169,hybrid,the wife
3170,hybrid,the wills
3171,hybrid,thelonious skunk
3172,hybrid,thin mint
3173,hybrid,think different
3174,sativa,thors hammer
3175,hybrid,three blue kings
3176,indica,throwback kush
3177,sativa,thunderbird rose
3178,sativa,thunderstruck
3179,hybrid,tickle kush
3180,hybrid,tiger woods
3181,indica,tigers milk
3182,indica,tigermelon
3183,hybrid,tillamook strawberry
3184,sativa,timewreck
3185,indica,tina
3186,hybrid,tina danza
3187,sativa,titans haze
3188,hybrid,tokyo og
3189,hybrid,tommys home grown
3190,indica,tonics web
3191,indica,tora bora
3192,hybrid,toxic
3193,hybrid,toxic punch
3194,indica,training day
3195,hybrid,trainwreck
3196,indica,tranquil elephantizer remix
3197,hybrid,transformer
3198,indica,trap star
3199,hybrid,trash
3200,hybrid,toxic
3201,hybrid,toxic punch
3202,indica,training day
3203,hybrid,trainwreck
3204,indica,tranquil elephantizer remix
3205,hybrid,transformer
3206,indica,trap star
3207,hybrid,trash
3208,hybrid,travel joint
3209,hybrid,treasure island
3210,hybrid,tree of life
3211,hybrid,tres dawg
3212,hybrid,trewbacca
3213,indica,triangle kush
3214,hybrid,trident
3215,hybrid,trifecta
3216,sativa,trinity
3217,indica,triple cheese
3218,sativa,triple diesel
3219,hybrid,triple scoop
3220,sativa,trix
3221,hybrid,trophy wife
3222,hybrid,tropic thunder
3223,hybrid,tropical tang
3224,hybrid,tropicali
3225,sativa,tropicana cookies
3226,hybrid,tropicana punch
3227,hybrid,true face
3228,hybrid,true love
3229,indica,true og
3230,indica,true x
3231,indica,trueberry
3232,indica,truffle butter
3233,hybrid,truffula tree
3234,hybrid,truth serum
3235,indica,tuna kush
3236,hybrid,tuna og
3237,hybrid,turbo mind warp
3238,sativa,tutankhamon
3239,hybrid,tutti frutti
3240,sativa,twista
3241,sativa,twisted citrus
3242,hybrid,two beards
3243,indica,tyson
3244,indica,u2 kush
3245,hybrid,uk cheese
3246,indica,uw
3247,sativa,ultimate trainwreck
3248,indica,ultra banana
3249,hybrid,ultra sonja
3250,sativa,ultra sour
3251,indica,ultraviolet og
3252,hybrid,urkle train haze
3253,hybrid,vcdc
3254,hybrid,az super sour og
3255,indica,vader og
3256,indica,ultra banana
3257,hybrid,ultra sonja
3258,sativa,ultra sour
3259,indica,ultraviolet og
3260,hybrid,urkle train haze
3261,hybrid,vcdc
3262,hybrid,az super sour og
3263,indica,vader og
3264,hybrid,valentine x
3265,hybrid,valley ghash
3266,hybrid,valley girl
3267,hybrid,vanilla frosting
3268,hybrid,vanilla gorilla
3269,indica,vanilla kush
3270,hybrid,vanilluna
3271,sativa,velvet bud
3272,hybrid,velvet krush
3273,hybrid,velvet purps
3274,sativa,venice og
3275,hybrid,venom og
3276,hybrid,venus og
3277,hybrid,verde electric
3278,hybrid,versace
3279,sativa,very berry haze
3280,hybrid,very cherry
3281,hybrid,vietnamese bubba
3282,indica,violator kush
3283,hybrid,violet delight
3284,hybrid,violeta
3285,sativa,viper
3286,hybrid,vixen
3287,sativa,voodoo
3288,sativa,vortex
3289,indica,wmd
3290,indica,wsu
3291,hybrid,wtf
3292,sativa,wabanaki
3293,sativa,waipi o hapa
3294,hybrid,wakanda og
3295,hybrid,waldo
3296,hybrid,walker kush
3297,hybrid,wally og
3298,hybrid,walrus kush
3299,hybrid,walter white
3300,hybrid,wappa
3301,hybrid,warlock
3302,indica,washing machine
3303,indica,watermelon
3304,sativa,webster
3305,hybrid,wedding cake
3306,hybrid,wedding crasher
3307,indica,weebes world
3308,hybrid,wellness og
3309,indica,wembley
3310,indica,west coast dawg
3311,indica,west og
3312,sativa,webster
3313,hybrid,wedding cake
3314,hybrid,wedding crasher
3315,indica,weebes world
3316,hybrid,wellness og
3317,indica,wembley
3318,indica,west coast dawg
3319,indica,west og
3320,sativa,wet dream
3321,hybrid,wheres my bike
3322,hybrid,whipped cherries
3323,indica,whitaker blues
3324,hybrid,white 99
3325,indica,white bastard
3326,indica,white berry
3327,indica,white bubblegum
3328,sativa,white buffalo
3329,indica,white caramel cookies
3330,hybrid,white castle
3331,hybrid,white cheese
3332,hybrid,white cherry truffle
3333,hybrid,white choco
3334,hybrid,white chocolate
3335,hybrid,white cookies
3336,hybrid,white dawg
3337,hybrid,white dawg fire og
3338,hybrid,white diesel
3339,indica,white domina
3340,indica,white dragon
3341,hybrid,white dream
3342,sativa,white durban
3343,hybrid,white elephant
3344,indica,white empress
3345,indica,white fire 43
3346,hybrid,white fire alien og
3347,hybrid,white fire og
3348,hybrid,white girl
3349,hybrid,white gold
3350,hybrid,white gorilla
3351,hybrid,white harmony
3352,sativa,white haze
3353,hybrid,white ice
3354,hybrid,white knight
3355,indica,white kryptonite
3356,indica,white kush
3357,sativa,white lsd
3358,hybrid,white lavender
3359,hybrid,white lemon
3360,hybrid,white lightning
3361,hybrid,white lotus
3362,hybrid,white master
3363,indica,white moonshine
3364,sativa,white nightmare
3365,indica,white og
3366,hybrid,white queen
3367,indica,white rhino
3368,hybrid,white lightning
3369,hybrid,white lotus
3370,hybrid,white master
3371,indica,white moonshine
3372,sativa,white nightmare
3373,indica,white og
3374,hybrid,white queen
3375,indica,white rhino
3376,hybrid,white romulan
3377,hybrid,white russian
3378,hybrid,white ryder
3379,hybrid,white sangria
3380,hybrid,white siberian
3381,hybrid,white skunk
3382,hybrid,white slipper
3383,hybrid,white smurf
3384,hybrid,white strawberry
3385,hybrid,white strawberry skunk
3386,hybrid,white super skunk
3387,indica,white tahoe cookies
3388,indica,white tygh dream
3389,hybrid,white urkle
3390,hybrid,white walker kush
3391,hybrid,white walrus
3392,hybrid,white widow
3393,hybrid,white zombie
3394,hybrid,whiteout
3395,indica,whitewalker og
3396,sativa,wild thailand
3397,hybrid,willie berrie
3398,hybrid,willie cheesie
3399,sativa,willie nelson
3400,hybrid,willies ghost
3401,hybrid,willy gs lebanese
3402,sativa,willy wonka
3403,indica,willys wonder
3404,indica,wish mountain
3405,hybrid,wolfberry
3406,hybrid,wonder haze
3407,indica,wonder kid
3408,hybrid,wonder woman
3409,indica,wonderwoman og
3410,hybrid,wonka s bubbilicious
3411,indica,woody kush
3412,hybrid,wookie
3413,hybrid,wookies
3414,hybrid,wreckage
3415,hybrid,x file
3416,hybrid,x files
3417,indica,x wing
3418,hybrid,x tra chz
3419,hybrid,x18 pure pakistani
3420,hybrid,xj 13
3421,indica,xxx 420
3422,indica,xxx og
3423,sativa,xanadu
3424,hybrid,x files
3425,indica,x wing
3426,hybrid,x tra chz
3427,hybrid,x18 pure pakistani
3428,hybrid,xj 13
3429,indica,xxx 420
3430,indica,xxx og
3431,sativa,xanadu
3432,sativa,y griega
3433,hybrid,yem og
3434,indica,yeti og
3435,indica,yoda og
3436,indica,yodas brain
3437,hybrid,yogi diesel
3438,indica,yolo berry
3439,indica,yumboldt
3440,hybrid,yummy
3441,sativa,zamaldelica
3442,hybrid,zardde gold
3443,hybrid,zeitgeist
3444,hybrid,zelda
3445,sativa,zellys gift
3446,hybrid,zen
3447,hybrid,zerculese
3448,sativa,zeta sage
3449,hybrid,zeus og
3450,indica,zkittlez
3451,indica,zombie kush
3452,indica,zombie og
3453,indica,zoom pie
3454,hybrid,hai fantasy
3455,hybrid,test1
3456,indica,a4de22ba 0b77 4a51 8972 c6c27acdb62e
3457,hybrid,test1 f4c2596aa9644dd3966127a67d015a8f
3458,hybrid,alenuihaha
3459,strain,details
