,0
0,kaleidos-dope
1,kerala
2,kings-banner
3,kings-banner
4,koloa-sunrise-47e37470d89f4b7890fa89ea59393eb6
5,kreamy-karamel
6,kush-ben-yamini
7,lady-liberty
8,lady-liberty
9,landos-stash
10,lazy-lightning
11,lazy-train
12,lemon-prevention
13,lemon-tangie
14,lemongrass
15,lethal-purple
16,lifestar
17,lions-milk
18,llanera
19,lost-coast-ghost
20,lost-coast-ghost
21,lotus-larry
22,loud-lemonade
23,love-is-love
24,luca-brasi
25,m1-56
26,madzilla
27,magnum-opus
28,magnum-opus
29,mandarin-jack
30,mandarin-tk
31,mango-habanero
32,maui-mango-diesel
33,maui-mango-diesel
34,maui-wowie
35,medical-49
36,melonberry
37,mendo-montage
38,mendo-supremo
39,mendocino-madness
40,mexican-kush
41,michka
42,mighty-quin
43,mike-larry
44,mint-lemonade
45,mike-larry
46,mint-lemonade
47,moontang
48,mossad
49,mothertongue
50,mountain-temple
51,mountain-thunder
52,mountain-thunder
53,nchoosha-y
54,nepalese-jam
55,neroli-91
56,newberry
